sunday,monday,tuesday,wednesday,thursday,friday,saturday,business_id
1,3,1,0,12,6,0,mVHrayjG3uZ_RLHkLj-AMg
5,6,9,10,18,6,1,KayYbHCt-RkbGcPdGOThNg
1,2,2,0,1,3,6,wJr6kSA5dchdgOdwH6dZ2w
1,1,1,1,5,2,0,fNGIbpazjTRdXgwRY_NIXA
9,18,11,18,10,23,19,b9WZJp5L1RZr4F1nxclOoQ
1,1,1,0,5,4,3,zaXDakTd3RXyOa7sMrUE1g
0,0,0,1,4,2,0,WETE_LykpcnrC1sFcQ5EGg
2,0,0,0,2,1,0,SQ0j7bgSTazkVQlF5AnqyQ
6,4,2,1,10,9,6,wqu7ILomIOPSduRwoWp4AQ
7,16,13,11,21,10,8,P1fJb2WQ1mXoiudj8UE44w
0,1,0,1,2,1,0,8QlnAcjGE6dgfKTVoxrPvQ
0,0,0,0,1,2,0,t_gan0EXAw8csKIeFyazJw
10,14,13,7,12,22,25,6ilJq_05xRgek_8qUp36-g
1,1,1,4,14,28,3,MKyk4F4HSzHF8v-4cYe3Ww
3,9,7,4,9,16,9,1qCuOcks5HRv67OHovAVpg
13,13,28,10,33,105,36,sbW8qHJgzEIH42B0S-3New
1,0,2,1,3,0,2,W7ysp8GLCBrs0GXIVwAcBQ
47,57,53,76,68,96,63,McikHxxEqZ2X0joaRNKlaw
1,0,6,12,52,44,25,tv8cS4aaA1VDaInYgggb6g
20,40,23,22,37,46,28,EoAY1JSVeJriBzId8lUQwQ
0,1,0,0,0,1,1,TfvWSIAMFZ9zI3y2-K6wOA
9,16,9,15,22,34,16,tU-YtoW339PXJmUGSix_AQ
14,10,12,15,26,28,23,6p9TlP2I8S4agxYMNFSDjg
37,21,35,22,44,52,51,JDDeaNfb0JXD1NbznSIC9g
11,19,18,12,8,22,22,FiXamVMgMf9U0VqFHDZSEA
19,22,16,13,22,35,31,eznh0XjVtv924K-KYx_ilQ
15,17,18,21,28,36,29,usSROUMiAgPcxV3Ym0OxMQ
0,0,0,0,1,1,2,CL3tZqbYT7B5zgewKCS6-Q
2,1,0,1,0,0,0,u22QDAON1kk0wjoTliyftw
0,1,0,0,0,2,0,53Yk2EODWnV9qHQECzeHVQ
2,1,2,1,2,0,0,GJAv1nAfnHuab8oRyr8mXg
1,4,1,1,1,8,3,r8BwdblCW-ZUES37BL0khw
0,1,1,3,1,2,4,mIiHJkpK8nZvW_45LlhrbA
4,1,3,2,9,5,3,OZfpG8tDCcIEq8pzgZdyKw
2,1,2,1,1,2,0,8Nm_jcCYtMXYW0ODSHDiXA
0,1,1,1,2,1,0,T49ZvBa6mD4xHSmjHe-ArA
1,1,0,2,1,4,0,eOv0Dbq2E8sd0CKMAqTImw
2,2,3,1,3,3,3,_jsJFrAmFVPRio0eEVExbA
0,1,0,0,1,0,2,JX2gDf2uy2UGuKPpcKT-IA
0,0,0,1,0,1,1,udZJ8YgsHdqtFDQkyPTV1Q
6,4,6,3,7,10,12,ucKQlQvOeJxETLNkpKcaSw
2,5,5,10,5,14,2,ZL6DNzyenFm9Kpz6uADlNg
0,0,1,0,0,2,1,OcTG-KzDleuRub-pb6JS3Q
2,0,1,1,2,5,3,Y2p07YEC8xOsYTHWf0UxiA
3,5,2,1,5,1,0,g58NW9q4F09wTMiI7EIjmg
3,2,0,0,1,0,3,Pu5uzlZ05pqVlx6LcZbfgw
34,24,32,26,25,58,38,83_p9vIqOq1TUIf3_GD7bA
57,80,106,98,123,84,67,Ts4xsKPU7FNPPZRj-nRjIg
3,5,2,2,2,3,1,UtWJ8NGMg-3z28s0RzlUoQ
2,3,4,2,1,3,2,bZcqORBnVApUA2-SEn7VEQ
0,2,1,7,10,14,2,ZDKi3qsO8lSSogrIdbLJKg
3,2,6,4,2,7,7,B9C6j80ob0f1pwi1Cnnd1Q
28,40,32,29,52,49,79,2SwC8wqpZC4B9iFVTgYT9A
18,12,14,21,17,24,45,PzG0XmAmtXFs6Fdnubf41g
6,3,9,7,10,6,5,lHP5STO7aomlEQixH8m1aA
51,49,42,48,42,67,82,-iVcmhjfq79QoTWzrb6pKg
2,5,8,8,13,11,2,l_Wey2YC6NvVUIH8vTygGg
15,14,7,15,22,18,2,qUeBDN0D8SC93KeAHhiL-g
1,0,0,1,0,1,0,LltDzuzRbAJbSrqD4JH-3A
0,0,0,2,1,1,0,VkqKyq09rDYMhFk5nElWWA
1,1,0,1,1,8,8,QIJa5h2d65Bgh82zct7c7A
0,1,0,1,3,6,1,PTkChuI3GPCw-ZL1Iph76A
7,16,27,17,22,20,6,YRDKsBFYP7G0E8BLJKIkvA
21,24,25,20,29,48,52,IxQ1ATP_Wg_QujO9nywzcQ
0,0,3,2,1,4,1,TyIsuojeKcTb4Acfg7xqew
2,4,2,2,1,0,0,oj8bMz76cKXQClpFTFNW9w
1,2,4,3,5,10,3,k1A8pNspBPinGDivxkuDSA
0,0,2,1,2,3,1,e5DtayybW4jbKcDBwEUmOQ
0,0,3,2,20,4,3,OjzR6hUYasFReo0vhVn0-w
15,1,1,2,1,4,1,6AnorAMPkTdSDbUkOoV1Rw
0,2,0,0,0,1,0,49nxzKLr2qQnLF58qo2p1w
9,11,15,17,11,15,1,q_BKmbdlYfQJroJVHfYMUQ
4,5,6,3,1,1,0,99WYCuBEsO7OUCDWbbrrew
1,1,1,0,0,4,0,vMCCvnDU-Iz_D_pmbcMqzA
1,1,0,1,3,0,0,hUV4bjXE8Ijd-pDNr8S6mA
17,18,20,16,21,28,29,Z101WZaISochG6g7tI2ZVw
0,1,0,0,1,6,2,Eixtf79t1_ZKaC-7J2kAWg
4,2,0,4,4,5,0,Z0OGW8PysysRXE0dR7QxQQ
0,1,1,0,0,1,0,AAcw9y30cRuMo0oa8UBiIw
1,0,1,0,4,5,1,YUZVBdGmagwXV-yOhR-1GQ
1,0,0,1,1,7,4,OIL-eZX8d10jgWPLW-E7zA
1,1,2,2,1,4,3,PSlOtPIo28BvWOzdLmRRRQ
0,6,8,7,15,11,3,7KjZ49Xrb6QWjnu5NlxzVw
0,2,7,2,1,2,0,wan0X-oHpLgGTPXqaICZCw
3,6,1,0,8,5,3,QnyzlVMyx0Exri-Lay10cA
1,0,2,1,0,2,2,81sqVj0xHyJXGYT0ip5fmQ
1,2,1,0,2,3,2,Wn5bLgkx_S7W1q2TeoLL1g
3,9,6,8,7,27,13,m61vZsAxmTEq3uiCjFjM8Q
8,19,23,24,21,26,12,93UCt9OgWYmypZCpXtUu8g
0,0,0,1,2,3,0,za5fND9-pXyVSk5rM28MsQ
9,6,5,4,11,18,6,ORTRrw3ClZ0Ld0LgY1H_5g
3,1,3,6,1,5,6,9aw0t0rlACKkMaxsX0KlKA
11,10,17,22,28,29,34,5Udv4CASAXB2eH66TefWPQ
54,33,31,33,71,138,123,2Igiyhi82R8_QaaPplRmCw
8,7,9,10,8,18,9,Cex2R008tMFg8R5fAtf77w
5,13,8,4,4,10,9,n7G2XFGvmS3duDJ4AzjKiQ
3,1,0,0,0,0,1,8tBfgYCI6Fz9xrSYCYCYXA
2,1,0,2,1,2,0,Tb7hQ37UFA2QFaMwjFieQw
12,12,17,13,28,33,19,qemCNgjeYGcFsRwxW9x4xw
0,1,1,0,1,0,2,iudRNo5Q8W7firUBYJEqQQ
89,63,84,78,109,131,98,2X5G4Ujq0s4Wfn4TC7gX0g
1,0,1,1,5,4,2,evIbqjnN4ePd9eT4L4WsIw
1,1,2,1,4,2,0,7lDNKKxMV84KIS1OVZOepw
4,6,4,6,9,10,3,XQ7elqSFIRogvqpiTZz-Wg
2,3,7,9,9,7,8,JL5B_s1EoN4zIru4JSw4Qg
4,5,6,7,4,4,9,DzOPHyrG2XuVqKEvHCnN7w
1,2,0,1,3,3,0,K8Ebs8G1rwc3DBdznHvDxg
4,7,2,7,6,11,5,h3la53L9-OX_HlfeAySh0Q
10,9,12,13,8,16,7,1vQLTKwmcmZXtNzfKEvMmA
41,33,58,34,79,58,43,hhNlQWaKqGbMPoeZHoL-IQ
1,0,0,0,1,1,1,GEw1pLdbMlJecvQkKBIgSw
6,5,12,10,11,8,11,SgQYRICpMdWCmY7wM2Cmcw
0,3,1,1,2,2,3,m0QsJDntW1MrWCxBVFwuAg
4,1,3,3,8,18,13,uwiD9jxs09xxXG0by_xKuA
10,18,15,16,14,12,18,sNmQJQWEVGheCnw5Tf4Phg
4,2,5,1,1,1,2,jrSGpWnVJy8jqgN6XSC7Nw
2,5,7,6,5,4,5,EtnMSBRlMQWrdTla-jz9RA
12,15,16,20,12,10,10,KZXtzoI84iI1CEcAnD7OPA
29,21,18,18,25,20,23,zpNGtjBlIkDq_PLGSCPlAg
8,12,6,10,4,4,2,ZS7-I04iDm4oRP_GJsJqrA
28,27,29,25,40,41,40,FtjvnLhh51ZBYEpKAARaFQ
15,16,14,21,27,20,13,z4cCguoHdU48pj6sXMIzqg
3,3,5,10,21,23,0,sbTF0cLKZH6_BP8BLARVDg
36,55,61,67,130,105,12,OxIeMVcop5oxBUWANi-1Rw
5,8,1,3,6,25,11,imzKM9-mgN1Yk_RIXx3IgA
1,0,2,0,0,2,0,IEHaU93HpEbdUO4z4bKzDw
96,70,89,95,134,171,152,NeUf9FyCCIN4MEseNyqkXQ
4,4,4,1,1,1,0,JcP-IIrZkW_Yyv4a0yLRCw
2,5,5,2,4,1,1,4LcFKTr6Ah87VcxW2z5e6w
15,10,13,15,20,57,45,buVALudg30kgkDusqB3yJw
51,32,30,41,58,125,68,wHi8ODv7TGmeUB02XoX-mA
6,12,7,9,13,17,4,WXpi9z1bqF9raZSW8z70Ow
3,0,2,2,2,0,0,j7kgLc4Uys_sb-H7_Velcg
4,6,1,3,6,0,1,DhDNNHZtaBxYNSqJz64ixg
4,7,5,6,13,5,14,PxP19Rb88OQKiSMl2oWNsg
22,10,30,10,33,39,38,9mwShpTgZofOujt4JfyGmw
6,5,13,18,14,20,12,90Fqfzd8zD9AuuNBSv9lAg
3,3,7,6,2,0,0,pfS0Bd-sXZyMNr73kJPeaw
4,6,6,4,3,3,0,KEzIorUdFjqCuxbRxKPghA
2,4,7,9,10,2,0,pvGT62T6Ci1LKOS9DL42pg
2,1,1,4,0,0,0,OT3yVpDrDVITDCIYox8d9A
3,2,3,2,4,0,2,8AskFIgGxqNb8RbcDCAfmA
2,1,5,2,3,2,0,A2XkbJ07hrR80t0EFgLikQ
5,9,8,5,5,21,12,L5387MoRyx9orlRyYfCSPA
8,6,14,8,39,32,21,dHDi4wCcjsOR6vcZ8oOIoA
18,4,10,10,17,21,12,41CXLCeB8z2oNdIOvnrzIA
1,2,0,0,0,0,1,OhwF2JDqlYMZl5Rp3WRBog
0,0,0,1,1,4,1,l2gPB9mqiHSbpwSUa7zrjg
0,0,0,1,1,1,0,gfpl_GyyY5uj6zJnIdzImQ
6,5,6,8,23,3,0,l-OmDgEd4QkZpyXVpkp2yA
9,10,8,13,19,26,7,0FgwBx7pgmNdUtsd_T8UYQ
3,2,2,6,7,5,0,SzHTdZR3yY1WBYUxkVxmUQ
2,0,2,5,10,13,13,WzQrtfz7DSQEv2CK82zhcg
10,13,14,8,7,10,0,xgcZN3F2f9LxLASQK_xzhw
2,3,3,2,2,1,1,_aGVicux2dJm9sqzLSCJtg
13,4,14,13,12,2,2,uUorjstNslr3gkIsVGtQAg
1,0,0,1,1,2,0,0Lsd35rHY6UtPFHjjxJ1LA
4,5,1,0,1,2,0,Bza-l75OiKcMRmTYILpyfQ
1,3,2,1,0,0,0,-TSFapUMwdyyxoi2egkOhw
4,5,2,4,9,9,0,-nfzEVOVvmDSFbxvBsllGQ
2,6,4,1,3,0,0,1E53rS8afK2jiLod8Jwy7A
9,7,6,14,6,0,0,AH1PrZQDIdjpKgy1z8XxUg
24,28,24,26,37,69,53,XmdTkxKyJd7TuDLoiic1kg
12,11,14,14,20,13,4,nBl_NeArpL08MpoghDiA_A
31,15,21,13,14,20,7,J011r7mUV1QhgLJ7GkrtMw
19,19,17,21,28,39,13,-KQ283hJkBO12u8XOrlCcQ
6,5,7,7,15,17,6,SvoJ3Y3uqDfB4iGUaWXh8Q
0,3,4,2,8,4,3,CoeLG9kcKiJQL3TfuAjQUg
1,30,33,55,58,63,0,6xEl2PDJulIp1PfWqa7-aA
3,3,0,1,5,2,1,Lm_mR5xDF91OeZw97ch41g
0,2,4,5,1,0,0,aj4XHn7jZ48euP4g8ape-Q
0,0,1,2,1,1,1,-v31BEquLxeVPgvFHburUQ
3,3,1,1,2,3,0,KnlNwiIELDWAR686Bk2WJg
11,3,8,9,16,6,5,XzaJf6WzpU7RsXTXzx72Xg
3,2,4,0,5,11,2,PTS4MxQel-xzj5qWxVn3LQ
1,4,0,2,5,1,4,IvgKdlte_JNdd17XRxkOrg
3,2,3,3,5,6,3,bDK_jzy3Shx7jfn8_plNoA
16,15,20,12,7,10,0,PhIGoo9g6GBrqgH_6yZXXQ
9,0,11,14,16,31,26,uBW3PIKqc-_eyG1_vdJn1w
6,5,5,2,8,53,1,DsxLIr-b6WlDn9YNsVBu_A
8,5,2,0,4,4,6,FD6OocZdFUfE2J5H0WN4fA
14,11,3,7,14,10,17,LN3OCT1xOedbf65xKzFSNw
8,15,11,9,30,16,1,tQpYnf3P3Q_OQLYYJvlV-A
10,5,3,2,16,17,5,KH6stvNdq_aV0HvKw8P5yA
0,1,2,1,0,1,0,34TBKRXYq1JHe4kYlHW2Eg
2,0,0,3,1,2,1,nUISXnW2Jo9ovnoFBIUY_Q
2,22,26,24,42,61,50,dxCqGkhtXq-9fYEsX7Mf6Q
41,28,33,27,60,71,45,--UE_y6auTgq3FXlvUMkbw
4,3,6,7,10,13,6,YTqSkgOiiI9HG3hNH7ovfg
32,50,37,39,59,80,1,vgXE1I7c9ElcfYyZfQiN1Q
1,3,1,0,2,0,0,AANB0f7QapfE3WxDiqb9hA
17,12,9,11,30,37,8,-Nanlb7SYXObqQ6dZ49UOg
14,8,18,10,27,26,12,3zgswf_NfBJpeAoWeTkgMA
10,3,7,7,6,2,6,uOwuJJhGaiAzuaDY7-o14g
9,9,13,11,26,25,15,7XXmky6YYjsvKFwho_eavg
6,9,10,9,5,17,10,o_wRqOpli9kyZGXlJtLLdA
12,5,9,8,14,12,8,5MChfa-jZfMo3vBpolkSbw
4,27,32,19,38,38,41,sxeuOMBRllOHXJTaUlI9kQ
9,4,4,11,6,18,4,ptmsW2SSeFD2I6vspJs0lQ
16,33,23,25,39,43,28,r8jeeS3k_diihMDSu9IjlA
0,3,1,8,4,4,1,cH8I7JgPXcrcutT1a3YrjQ
4,4,1,5,8,6,2,dQjaHoo89bLymdMm4S5_1g
0,0,0,3,3,6,0,UjJMQguryo1jypomvOCZgg
5,1,5,5,3,5,1,dpRsK3JyaD3GKorVWzQUmA
2,7,1,3,4,4,1,vWnwaD-kykqiEc2Q0hbYsw
0,1,1,2,0,1,0,T4D7wX6GuCYChwRmser-0A
8,2,3,4,9,6,8,cESul2ojJOjadz-7BKB5eg
1,0,0,0,3,1,2,xUf11yTcoRagwNiJcY8GAA
6,5,4,5,9,8,7,hbFCv2Rginf9zjai-lKUNg
0,0,1,1,2,3,1,vs3UrHaSnzFOxmFU2UAfxQ
31,18,24,29,50,58,21,6-rJjW6ITl5o_FliiNgZRA
29,25,40,32,51,40,23,mPlWLIA4pkHMRtlQDm6UyQ
8,7,2,6,14,4,3,sa3xqElJEv97MazozLeszw
9,17,8,7,12,11,17,MkrQV_nyxyC1F5ut5KxDMQ
6,9,19,14,30,44,16,jJfTh2O3M2Q716akd9Dr9w
0,1,4,0,0,1,1,3obPG5F_6rbAu86CuiNW4g
0,1,2,6,2,5,1,mugOAOmylJu5p85Jz_zqOQ
58,50,55,55,98,90,59,9SPwF-vRgtuHxciFxv5YLA
2,27,18,26,41,34,3,Cy9XgM3ZG2jZ1ganvolb6Q
72,111,77,72,133,140,138,rgmptwPbBH1wLpiBHcbIhA
15,24,12,18,35,42,29,i_nkxbd7feg44QkdbG05UA
18,21,21,18,24,36,31,vSZDiKiF8vf9zt_BcDL7GQ
15,17,14,13,22,31,18,DkX3YoxhH4uADsgVgQThew
9,10,12,11,10,29,43,sQWSHCIH_HUT4HUXaxDaBA
1,0,1,2,1,6,1,rUQfZOengMpXFkLvJrNJ3g
1,3,0,0,2,1,0,UnxC_75OQ3hS4bB_onepOw
1,1,3,1,6,5,1,Oq5MyNxNi-xuXdPOWR9O_g
4,26,28,32,43,39,31,xgK6AAhJ-cYBUCSaLzgTuw
3,9,5,9,3,9,8,Z-BI5HJmC2HcpiVuXwVM3A
6,9,7,8,17,29,9,TIPebazlAGJsp8zAwhNkcw
38,41,16,46,45,112,103,TxKmAsKQjND5vbhBdUSyIA
1,1,2,4,9,18,18,cmGR1HS9ms233roSllcglw
10,7,6,8,8,15,10,mXHBxHrAJPnPWnm_OKuZTQ
13,13,9,11,15,10,15,Q9BXMPu2HnRDMq9X_2rHrQ
0,1,2,1,3,4,5,jeS38QWMVkA6S-4lMi1Frg
0,1,0,1,2,1,0,q5g_zeAdwsZQp0p9GPnTJw
1,2,2,1,0,2,2,bg1e__l7Jh3oDhasW5KFvw
0,0,0,0,0,3,1,L7KHl7v7g3gDxUEpAt9z-g
0,1,2,1,1,1,0,7QBJDNVH6VPAStSvOM_lZA
0,0,2,0,3,3,4,Ln34kwDUNZPLhVhUqauLWQ
1,2,1,2,3,4,1,hxWwXE1mqNuSghYBr5bLWg
1,1,2,0,0,4,0,WrP8KeKTlWcjqQPj2DJKGQ
2,0,2,0,0,2,1,1QhIsblyEViEWc53FmxH_Q
6,5,3,6,4,6,7,-tcf1WSfc2iNRf75AMW6pw
9,9,7,8,13,14,9,dwz55gqPZwSBD74yFFb27g
3,8,1,3,3,5,0,rEpubmz577MOhpDmWPH1uw
0,0,0,1,2,0,1,ysb8Ew0j3mta6c0xUxBM5g
0,2,0,1,6,3,1,ufyh6h4GsR-RYY2lC_Iz7w
0,2,6,1,10,17,5,9VtaTbTKVK9sQVy4j2RO-w
4,4,3,3,7,6,3,PFAOxw4Gl8gm7PGWvohCWg
0,0,2,1,4,0,1,xkrhaKM1YtiLEcorBI5zcQ
0,0,0,1,0,4,0,qm6yyQUe8Ln29NzDfWqxVA
2,3,2,0,0,3,6,EZrCQtZxiEo1kkAYt2EQqw
2,1,1,2,0,1,3,HPcrrz8uipPQyK-5zd6w9Q
1,2,3,6,3,3,4,sPvUuYAF2a1LnYaw8iCm9A
1,3,0,3,3,3,0,cbLaFQJOfzDy_TxMkPee9Q
5,5,1,4,11,10,0,W-2Tuk4uWYm5BsdlWju8wg
0,1,1,1,1,0,0,Gz2bNUss7Y_dyy_lRtVGEw
2,4,2,4,4,0,0,c-Pa13Lq1eB0VwLVoyJ7lg
3,1,3,2,1,1,3,vtJAnB4gBgTJKv3mOnOF_w
1,2,4,1,4,4,7,qJTHaHFKQIKXKX3I17Nw9w
3,2,1,3,2,2,0,JkF2CPy63ivoK1FUqprQ7w
2,36,4,9,18,15,3,OkV0BMQxRRYJ5t5sbeU93A
10,7,7,13,18,23,10,sJtGRBWYUj013nkFA4Hrdg
1,1,2,4,2,3,4,qYuSoVBS_1i_btLzFefDeg
0,0,0,2,3,4,6,5vLVIomtminS_q8itJquEQ
0,0,3,0,0,1,1,CnuxQ4_7j9MKyQiO5YWsFA
0,0,0,0,1,1,1,HlvPa_iypwt5RwUHl-Dz3g
4,2,6,4,2,9,6,2VuPoaFPktvtAqTX_Fzc-A
9,9,13,8,14,13,0,jyF0rwmQEIdDWVtP5vlf3w
1,1,0,1,1,0,0,Z2ks3quiwbkMDY1sVDW9OQ
5,5,4,9,5,8,5,lX3XYcMWoRlHjrmkoGNefQ
3,1,4,1,1,4,3,ji0VxQpFQvzzYMy9fY5fvw
4,35,6,1,5,8,7,friprEn-aT_WmhmIF3pGmg
4,67,51,51,94,118,106,2_0P2AmSSFtPgddio0MgYA
5,12,16,16,32,29,22,BO0zz8gort7o-6KuecIv3Q
26,29,32,32,24,36,39,_Bz6YWNI5bi0gqQI4GLvqQ
2,0,3,2,0,0,1,DLvH3Ck9R8fO_I89maDNIA
13,22,23,18,42,44,36,SVKC_-gIQFkHElZ6bFsE6g
3,5,5,5,7,5,3,l2ynPEBj9S_yN9gjg32tBA
23,14,26,21,53,25,17,AUDuCSWYzzRP3H2w7TxtuQ
6,1,8,5,10,15,7,Gw5POFxBRoJxN_ZYhk6lgQ
7,3,7,7,8,17,8,DE_11y6_vCmPBlbeYskh-Q
24,16,19,36,22,49,45,4WsTFTH8GgnyFHwrH9nHzA
5,1,2,2,4,7,5,QMZe84KFyZy0IlCBb1v91A
3,3,5,9,5,7,1,PVooCeYIrp9E2rtrL4R98g
7,6,3,1,9,3,0,WqPjIMFcT9RTMUumaCvGsw
5,2,1,0,1,1,0,D6sriF-ak-e5D_MTsPc3wg
5,5,3,7,12,5,13,5p3Tqyp19UowO0-dAFvxMw
6,10,7,10,11,22,23,T1jYZFB_7cqdhuvzpxfFWQ
1,1,2,0,2,6,4,Zm9uQ4SYpZzUb3epDMeb7A
10,7,17,17,13,15,2,LT0AgHTpDifuHSXgyLmJwg
1,1,1,2,8,3,1,USdRzNk14UdjZWFgBJb0wA
60,50,73,75,106,142,5,ePP0Eqz8JKSbtdt2phiB4A
16,26,33,32,33,2,0,ASwN3Ih0Eh1oH0npLbzVjA
9,14,19,15,33,24,11,Lt9o2RmacVY2L-IWLA8uTg
9,23,33,21,20,9,1,gpCtDCSXIoQx70cq9itfNA
19,22,21,26,23,56,22,-6JY1T0w4XETux5kGOj84g
53,73,68,79,118,185,63,WuCcv_Dyd_1B_1-4jwK7sQ
19,25,22,26,28,19,12,rT-iPtIXMKj3dTcl87lbOw
16,13,21,8,13,24,23,vIXUw1cLG84-m8LzOg3f-w
3,5,2,6,0,0,0,6eOtk-hsb6uz_5FTsb4tkA
7,5,7,8,15,11,5,4glD2-evDFddHjQaEVpCPQ
48,86,84,77,93,141,87,ym9QwkmB5ZKTyj7q5huTDw
1,3,1,3,1,6,4,OkPX0a9PUrhr6oNgE_FB_w
5,8,5,6,2,0,0,QMX1ssofSveU3qhVAKLnXA
2,1,2,0,1,1,1,XzhsJecsCYj-Wc32zOWqmg
6,5,6,5,9,9,1,9fxTX1uyyYF4ugx68AG2sg
4,3,5,2,2,0,0,utyqO_IVBAN8ULZmi52XaA
3,1,1,2,2,1,2,9XKIFRBT-UTglX3wBGPAAA
27,19,27,29,29,2,1,Heon0PS3J4RGmMa-VflCuA
1,0,1,2,4,20,0,jbUu0Mtu9QUjyyeOn6RIHw
83,101,100,85,140,214,208,mpDxBBGywUE6GRRKja3sBA
4,13,8,8,4,0,0,6ICGve6UyGPuLaGrKQBVuw
53,69,64,70,77,50,102,NTfUFk8GyOLL1uPbEO-pVg
1,5,0,2,0,0,0,_CFgU43jk6pX1cm_Nc1vHw
3,3,8,8,20,25,13,qxaoJ2cd7-cvEPTmSgBAyA
7,7,7,21,20,23,6,e8kqqWU9247Nn5VAF5sDkQ
3,1,3,2,4,0,0,SjsguOTm7kQ_B3QcfHH-3A
14,25,13,19,22,21,4,z24h6ZYnZiWjlDTuLXG9jw
3,3,2,2,2,3,1,WYnveDiSEXLCeNkLZrXibQ
2,5,14,19,28,19,9,EwuvZCcVHkICgTbqCEjikA
4,8,9,11,24,26,11,6SxAOEXHzNjWQMQ9Nnos3A
44,47,62,51,82,91,44,kAid56AY_laxGYslMdsYJw
45,51,57,55,80,67,40,CChwRoYVXA3QZulS8a6xOQ
4,6,4,8,6,13,5,t5l-H2KdY4MQgLDMENz9WQ
5,9,3,2,13,13,0,C9CF7p53Y0L5ErKRhhFhng
8,17,17,16,23,20,0,7BVCmaxhvXgEpx7J-SQ4QA
15,4,5,13,6,0,0,-R7uChoaVzwNvPNMT1gOuw
23,33,42,52,86,102,31,jmzPbvE_02SzTAjwZCTgYA
5,5,7,4,9,12,9,nkNdTqpv1m5GBKx8xrpluw
35,47,39,27,27,12,14,LUylwiKNsS7_iumytRgAmw
0,0,0,9,6,8,1,GK6RBUJUBScobbF1oE5iuw
4,9,6,6,7,20,0,TLrX4FECQDFz-E45TI_9ow
9,7,17,35,38,31,1,e5J3s-xxs1S6PPHJhldBEA
4,3,5,4,0,0,0,DjnNu1sWHEJpNBnW7CSdzA
25,6,8,16,16,37,6,XeFNQqz5vVsVIcTjNuXcTw
0,0,1,0,9,17,1,Zw-sWBbL3Z9zyZ0ri9UT_g
4,5,6,11,5,0,0,qqVmZ3H7j06pcJFaSA4pcg
5,3,5,5,12,1,1,4-B5ou1FbGVjVEQd3FAoIA
0,0,0,0,1,4,0,PowgfhnMrRKscqecHZdLzQ
16,28,22,28,47,26,16,376PDtBpGi74Os08TvCkhg
13,2,4,9,5,5,0,G5dIek0rXPTHlqlJpCNmpw
0,1,1,1,0,1,0,biNr0NdUU_dPXgWEhGJNZg
4,3,6,3,7,3,0,v96eOvQGYHukDu_UWqNl4A
0,2,2,1,1,1,0,ePogmFFQkAy68Ne0VVUGBg
6,3,1,1,4,4,4,b856Q36EWKbwbm_XdJER8Q
27,24,31,24,25,35,29,wpFOZbONc7qUYz6YmBfKuQ
18,21,22,17,45,45,3,eaqJQP6bp7rQJQt5KqfvxQ
26,31,41,28,41,36,2,hBscDTusN57Ai0SnkQK8Sg
5,4,8,6,6,6,3,d4t1qlm-mjhBmDUdboq5Uw
4,4,5,6,12,7,0,CDH2dyRcJUDPM1xj4AD0lQ
3,4,1,3,1,1,1,JgGpBGMAb1Nc2Z5jVIwZMA
9,8,9,8,12,5,1,L9D9xHVgCo71ZoO1ZBGOsQ
24,20,30,29,46,77,33,uDoTFFud2mXE3VT1Jt9L5A
4,10,7,9,14,9,0,FRYCe6Yc0rPzzloSWSsl1g
40,42,51,64,93,91,60,MQnNtW1lHS-eid3QNUoUIw
5,1,7,7,4,4,5,n2MTry6EWZKwDxxm9-povQ
5,12,17,22,46,37,12,eNIDbboNe7W_rAnNHoveEA
12,18,21,20,26,44,27,nuCgH96Tfe6CFXznvmKdhA
76,64,67,81,118,143,111,MMNBgMQCdwyVoNaHg0h_QA
5,1,4,2,3,3,0,KT9EiMOGpAgFBwVG4GakNg
3,4,2,8,6,6,7,c9D0yUos-jGOZaUv7SgCFw
6,6,5,3,2,6,5,oYo5e7TUAYGRdx_0rjohww
3,0,2,3,4,3,9,l3mzaesyc90rxXt2d4HpTg
9,10,10,12,17,23,0,8PsQqhrAH5uqJ7HODOmXYg
12,6,12,15,24,11,17,cibtubYc6gd8T6Y-nPPByw
5,1,4,1,4,5,0,nhPdxY-jbf-XVQ6Hq6qJPw
14,19,8,11,18,30,7,Q76FbDBBw4Mm3RZ34cpZfg
7,8,7,7,9,6,8,G3EsKzy3i-CvrEDjZzTV0g
17,23,19,9,28,40,2,TwwD5FQSe0vk1Ecp89HjEw
49,50,61,70,113,111,90,jTGQUWGIVvL-aY03C5BEmw
3,2,6,5,7,8,17,YbqNbrnOEk2T0qIBbTivuQ
0,0,6,2,3,1,0,CE6TWiZ1hraCilyXIfxu4w
1,0,0,1,1,0,0,sXUMme0o3rS14edjipVN0w
1,1,0,0,1,0,0,FjSYyID6pInYVsG-vADNzg
0,3,2,3,0,0,0,X7VdashktoAExx5ksEBLXQ
1,2,0,1,0,2,1,xLWe6cylMsYl_TtmC9wlXA
1,0,0,1,0,2,1,nm6fSZhNrxbf8ZePK_X4fA
1,0,0,0,1,0,1,OigTHfCur-D8Ne-bV1ngOg
4,7,8,17,16,0,0,rpq5pRzrVPXt9wKm17LV7Q
14,7,13,5,9,8,8,X-uPUUV7xPiKivsQzJD-wg
0,0,6,1,24,6,17,COkT6HcVRY8Ur2nRTYY5wg
12,9,13,15,8,14,8,MCFxbw9hQYejyvg59T44TA
6,3,4,4,2,5,1,Uo2KWGChc_CBl6XsIvQVlg
2,0,2,1,2,3,1,q52H04woL1Oy1CVrUQu3bg
1,1,1,0,2,1,2,xopQn_MCE8bSBOyhsj6pVw
2,1,7,3,2,3,1,xwQZW0571-QzEpQ4OjcC5g
3,0,0,2,1,1,0,URkv8wB2g6peiTiEaVY0Lg
10,7,9,3,6,7,4,P4r-LsB1ldgvlgli40Yu-Q
2,3,3,3,2,5,3,DIF8m_FrhZnq3QCaZwXSsA
6,7,7,9,6,0,0,crKd3Kf3YYP8znwoMvcA-g
2,7,2,3,1,5,0,tw3wtf5ou5TcuIvidn3cOQ
4,7,2,11,12,14,6,J7XRfg3ScS5K7UyM5Te-ng
9,14,10,11,9,2,0,M89wkxqAcXuVMtWh91BIjg
0,0,0,2,0,1,1,giv6uBI98vnyB3rVi0mM6w
2,7,22,4,20,29,1,76lSMjkrbLxTWeylGZvjhw
1,3,4,3,12,2,6,diPvh48CJsNW0hsf9981ZA
12,13,18,20,12,10,11,1AXQja1QV47FGU0Jp0CSxw
5,8,10,7,17,17,11,xP-6TN10JA_7C6-V1-JOEQ
2,3,3,1,1,4,0,6Re0uCzZeFxVUo8R9eqqXw
1,22,21,31,35,26,2,cpxwd_iFG3Oh1LUMJn0rOQ
0,0,1,0,3,0,0,rKe_bNOK1VlSbO-A6m0gvw
2,1,1,1,2,4,3,DNr2McGXQLleQkJ0zaCBHQ
3,7,5,9,8,15,16,4kM-mP7z1nP015R2Tlz1Tw
0,4,2,2,7,7,0,wtUaFgHGHnopdYh5m-a25Q
39,42,59,64,57,64,42,hIQRiE3UsYH7UsrsDwJwLA
0,1,1,1,2,0,0,ON-DoD4En7AdUIXVhTG5hg
25,46,33,32,28,68,0,WkD7OrSIHLzgOQo9wQHu-A
24,20,16,24,30,28,15,CxGK5_GoIhG9798zYPsvfA
12,19,19,14,12,17,31,IKUVWL75eSoC71G2fBphmA
55,4,52,67,78,97,22,Y_OeiGhTm6ZEfZ1UQgM_wA
1,1,0,0,0,2,2,kv-luwyaJYF3yCk2__-27g
31,32,39,44,68,77,57,4CPrhBc4Ado90fj7PG6jrA
9,20,20,25,28,28,14,1gKBusJMk66ypwEKF0vOAA
21,12,21,22,23,36,24,s-cFWOk9LXXZCrm4lKpjEg
31,28,33,40,40,109,120,UzMMpUFwJhwUkHOyeXeWsQ
11,13,10,15,17,5,0,KLYI39LFvsPzS_2-j9qgIA
27,33,40,39,56,59,92,BOp3jcpYy31M85H1DLnEEw
11,22,31,24,23,13,3,Lw-01HQDswygHvAZfwkpxA
2,0,0,1,5,1,2,AvVRPaKoiYl1lrP8Voi0Fw
4,3,2,3,5,11,2,UFvogJEUiLSJwyx2LSz2uQ
0,0,1,1,2,4,0,90ZdW5Hq-QHKFxLsO3T5FA
0,0,0,1,0,1,1,dYW2bONI4ctcpc7d-Wk9Vw
12,12,22,21,13,20,12,KQqkkg5jaxIbdMIG4MJCIw
0,4,1,2,0,3,5,AL259yRTSk5jQp6C4tjSiA
0,3,2,1,2,3,3,rByWCBoFuDMUWDM92vOBwg
1,4,2,3,2,2,1,o9aeTDq7cOkqv_zzPPIMqw
1,1,0,0,1,0,0,vdYXCHXi1KlnGjeEu9yy2Q
1,2,0,1,1,1,0,3IDt1SaDYwo6QKKV7gsuyQ
3,2,0,2,3,1,2,dvRLvL3naAkkQtlTz0iI-Q
1,2,0,2,1,2,1,Lom8K4ZK5LIlRe2ZO90s9w
6,7,6,3,5,1,0,CESMPxEWnj42f4nTXV3_yw
131,118,132,123,179,140,137,F-e-sWfVd3eCYll3BP1QFA
6,6,3,6,13,13,9,-s-OW4Kr9YY3SBmRdpgFdQ
0,0,2,3,4,3,1,hS1ShVIy8qLrRv9VXFFcww
24,38,36,35,37,22,19,p_HFt0I92MHDNPWvdtyEBA
1,9,7,2,9,2,0,R2Ej1vlJyZ__BOLF1uMqpw
1,0,0,1,0,0,1,z4KtKRuuwU6eJAI68ChE-w
10,8,11,9,4,6,6,KpJeQaB0ca6k1-Wdduokqw
1,1,2,0,2,0,1,QfkktmltWkPW4yZ87198LQ
5,3,1,8,5,7,1,0sbPpUIyTpcx90bLRsVx0w
0,0,1,1,0,0,2,oDEaIbq68RkKu2z_kLeMdw
0,7,7,21,5,3,4,mD17cvqdGtahSk6hdSCYoA
4,1,7,1,7,4,3,mh1le9QGMrZLohAjfheJJg
3,2,2,1,4,1,0,gERW5IQPZyPz7TQvKus1mg
2,0,0,1,0,0,1,31IcDxg3P4P2kCjZ3OLCNQ
11,7,5,4,8,12,9,7FZ9597M9LhHXGbBD-0VFg
1,4,1,2,0,0,0,xhg1i3DoJvvTSxtGZ4j5Gw
2,0,8,5,3,6,0,5WeccFfcgqpuHJiWegAclw
2,1,3,0,2,3,2,pZt38dlsMaoRzSh7-f3f0Q
10,1,4,5,9,38,0,2iiCazdKZjFYy46FR8iySA
7,12,8,7,6,14,5,yi6OvInwsGZ6CO0ToFGOHw
1,1,2,3,1,1,0,27cIh0prWEOO2anhGx2G8A
3,3,5,4,5,1,6,va9aHf7SEIfKLnvOmeavIw
8,3,4,6,10,22,19,687wG68J1XicP5YzMqKqFQ
2,5,8,11,14,22,1,Khv_fiHqB4JcMkzzz7yd7Q
26,42,75,55,42,42,33,r-pBY6vR_Iu5XhPRvPnquw
11,12,19,16,13,8,27,t719u5GZY0yPX4U7t5whrg
3,2,5,5,3,7,7,c2RzHxH4DQcH4A-a5FpidQ
4,5,2,1,3,7,4,CnQpjJ37QT75YA_OAzqgDw
14,5,5,9,25,28,10,IbWfpebkP64zWgc9-ZVtZA
16,22,24,25,31,39,32,i-tKO0n-1Tq6sTFUrhg9-Q
0,2,2,2,1,3,5,kCFGPmD5fP8YsmSTPjaCyw
18,18,22,24,22,28,30,5pa2LaT37MOBBmUr36J-eQ
3,6,3,8,6,37,14,pvaUE-Cmg6k37GQ-LluOLw
14,19,15,9,12,15,0,3IQSDaqbnqACADJWlXpRkA
18,16,15,17,40,24,23,P0aKJw8rb0DKLaGottHEAw
18,24,14,27,41,41,30,4zr5_OOjwTdOEE7d_181RA
14,14,28,29,34,39,34,qam5QKFE2a8MQBkxznrr3w
42,51,48,42,55,42,36,DReLu6HuFOm4p-jYZpgQkw
0,0,0,2,0,1,1,gG7j-FWm_2VFf_lnH8dWOg
10,14,9,10,22,23,13,i-cEO98lTS10WH30FyKvGA
1,4,8,6,8,11,16,-9Zy-3vhvOtsY5u2taOfQQ
1,1,1,0,0,2,5,QoCjVVy4--QNyVRkzQTCEg
8,19,14,13,20,32,19,xLZilmaLXY0r-dBFaiLxww
21,19,16,12,14,13,1,f9WqdqHuZtwg41HDLSKaPA
2,0,2,1,2,1,0,jm2VltGSjXCX6Da27Y-Ndw
1,2,4,1,3,2,6,ukmUw9Lk6JjS6cndXlCj1A
28,22,14,15,32,45,33,NHIWIA3g7oLZ5gW1tpjf8w
9,8,13,15,23,14,16,2kz1P9SlJNAndRkXk4bCDA
9,7,11,4,15,0,0,bffCUYaQ4FejTfu_xFwjyQ
0,3,1,2,2,1,0,eMFD4FA8NVAlUAeBl4EVNw
24,27,16,26,27,38,21,rg1-6A-8SKXGh_p-Abbyxg
3,3,2,1,6,2,3,pabBnIObNHlmVkviQgnkGA
8,7,10,12,13,8,10,fBX9zO0TYlI05G8Mw5xSBw
10,9,17,7,12,15,9,GNKcvMI0RyVQyEA4jNQXjQ
10,18,13,11,11,26,29,SgjcjIxsAlVkcrtLaLxtTg
12,9,9,12,6,13,26,JId-omv3reUpFcL0dhhegQ
0,5,1,1,2,1,2,UUs667cl2g2SjmWcOYgCVw
23,18,26,20,17,23,28,E9s5A9n0KmPV764ldWu6iQ
19,22,24,14,28,31,1,hlME5-P2CudNDCUSIX2cxQ
1,5,2,2,1,10,11,M8CC5_9vEvt1yOI2pnkvKA
43,25,19,25,26,24,25,CN6AB-R4OLsKxFhQ1Kk68g
19,15,20,17,9,21,18,qC21Nl_OUfTr_xf8ZjzOcg
7,7,6,6,19,16,19,zOY-W35waCcBWDmjX7_MFQ
16,9,18,15,27,33,18,qZ1bDtcercwUw4w7trpVjQ
9,10,8,2,10,8,4,98hOHm56D0Boz2LCg0-irg
14,18,25,22,50,32,30,1wIKHSHPOkywuOkyrXt6dw
5,10,5,12,7,9,6,P9aM91bY6XHOY9ZfaLUYqQ
8,8,13,7,10,7,8,KxJ5DRcSo83N-GW4f_gMQQ
11,5,9,7,1,4,3,tuR6sBN9IwyLEg6KiuEXTQ
24,29,28,22,35,40,22,1PSnPPFVfp03iPfJRPWWQw
28,25,30,25,34,58,0,6SWPWj74qF_pEVgDM3-IpA
8,9,8,8,14,11,12,rHl7fCXz78i89rEaflTPvw
2,2,4,2,2,2,6,OaABTKQcUvaT3Bqagq8gtw
17,24,19,20,46,29,33,3xdV-7di_YD3MVqs3Pa7-g
19,15,18,17,13,19,14,hvhogN-3cMny0Nrqbsjpkg
10,14,17,20,25,7,9,7rsMIEq01gE12F7iRdzLEA
1,1,0,1,0,2,1,-f5xy4PY0DV-9FyIM6-M6A
2,0,2,1,0,3,0,_naNO-mZQjTav4iLf5TFmA
2,2,2,1,5,7,3,UvuUOiP0oIgJ2H_8J6h6Zg
9,12,13,18,26,21,22,i3HfmM-evIOLpJ2wuTZVKA
5,7,4,6,8,7,3,RbUCjIvGtgPY_cT6MJYxmQ
2,1,0,1,1,1,1,xH9zGlw85wE3q5YJ5D230Q
5,5,4,8,1,2,0,n_t3HHkoR3TXomoBOcVZaQ
2,3,5,1,4,7,1,3LUpNAPfrbG3jOQgFGfquQ
2,0,3,2,1,1,3,qib8Pu8_auDKPMBm8Ac89A
7,5,3,5,6,6,10,ZXl9KGsv-VEoDKCC_08j4A
0,0,0,3,2,2,1,UzbI1Da7X23bDLwPluj5Qg
1,3,0,1,1,0,0,NKDeqe-I2dD1MAtumoIyYQ
5,3,4,5,1,6,0,O6fEzyH0fRP7r8IbSnCgoA
5,3,1,6,6,6,0,-2NCvK5807Nxs9GUb2Eo1g
1,0,1,3,1,0,1,Ylef457BBvxuv7wq-20lkg
3,2,5,4,5,7,17,51Tvv-QOiFeEcELzDuO1fQ
27,38,39,35,28,0,1,AzW6M1E6KcrTDpQ0DkRt9A
17,24,28,31,35,0,0,iTjwgc3rHS5k3GptqIp2Uw
5,1,12,9,15,7,1,rPQsep_POg0YATvt-6MEfg
2,0,1,1,0,0,0,hcFlvyDQq-1izciN8bxCQA
4,1,2,1,1,8,2,mhQweoH_CKOZGuVi2b9Rdg
0,1,0,1,0,2,0,pgJ-fy_EAKl5vI-uxV7ORQ
2,3,4,2,4,2,2,oP9AEoTeun7L-dPeSxJw_A
5,16,12,9,15,10,5,5odPoosll36dti3xbSwuJA
1,0,0,0,1,2,0,WswRGZEX-y1EBZ3pk6XmVA
4,4,0,5,4,9,2,hGMY-HlQTFUCSmHPDobBUg
8,12,7,9,6,10,13,7TRoAw7qD95cClWzRrDTuA
4,2,5,1,3,6,2,28YKigLZj0ooXDFVKw_qHA
0,3,1,5,6,10,2,LwSNsn2k6v_Nb2dbhP3qsQ
1,1,0,0,5,0,2,1UQpjv4QuD5l_ZT7O4p6Rw
18,8,17,14,22,43,42,Zc2IwSzGY63zkyhfNrr7HA
4,8,6,11,19,15,16,She6nAFoCwhUcfdeYWIgzA
5,4,8,5,2,13,12,JwUE5GmEO-sH1FuwJgKBlQ
0,0,0,1,0,1,2,_L6sbh9zs7f4s1EM_niQcA
3,0,1,3,4,9,6,uGykseHzyS5xAMWoN6YUqA
7,6,4,9,9,5,15,LRKJF43s9-3jG9Lgx4zODg
0,0,0,0,1,0,2,RgDg-k9S5YD_BaxMckifkg
4,2,5,3,20,15,16,rdAdANPNOcvUtoFgcaY9KA
2,0,3,0,2,4,1,ZfIJYXEm6PSxmEc-11mbZQ
5,3,4,9,11,13,15,_wZTYYL7cutanzAnJUTGMA
0,0,1,3,2,3,0,zOc8lbjViUZajbY7M0aUCQ
13,10,13,11,15,14,16,SKLw05kEIlZcpTD5pqma8Q
0,3,1,3,3,4,2,77ESrCo7hQ96VpCWWdvoxg
2,1,0,0,0,1,3,KTqNU4plO23583DYAMGXYg
1,1,1,2,5,1,1,MKsb2VpLB-0UBODcInDsSw
1,9,5,12,8,14,20,ShEYKerTwb2LSORE5o_s7A
0,2,1,4,8,4,4,HaBkx5PwvbBpQ2iNCgHnVQ
8,11,6,9,14,6,6,KW6HejC-67KSL9J8Cz1dSw
4,0,0,2,2,0,1,wl-7A4jC0f27MOEmW-XTbQ
2,0,3,1,3,4,5,suQyHycqv8nA7EualcUB3g
1,3,4,3,1,8,6,c5awCF5eu0ZkxUf_i94uPA
5,2,5,1,7,6,8,uga5g16PncJOtY7Sc3A05w
3,3,3,3,22,18,3,xbJ9tdGbcVJIUkNgHSCwZQ
12,16,14,7,7,18,1,koRLvzIl-4fCybOIdk56jA
1,2,3,1,6,5,12,X47o6R2rWiqGqvBtC7VS3Q
2,3,1,1,2,7,6,lN-5-YTsaJr_IByyA476iw
3,1,1,1,2,1,2,KFJ1jBfFkRfyn3AoAUl3YQ
0,1,0,0,5,2,5,JRPrCy55SB366pvMEGy-Xg
6,9,13,9,24,21,0,G1qUGBNYNS220jKlPAlFsA
18,6,13,16,19,19,13,6oDZ78JiSKjXVLcurCpnhw
11,16,15,13,17,19,14,kiAsweI4sOjDzGyz3Y_HsQ
2,3,5,4,14,6,0,q8fD82us6uuGufvI44NoAg
2,4,5,4,17,19,6,Nj0vQjUYjaa7qbvZlEr2jQ
2,0,0,2,5,8,12,B0Vuwn6Hugc-0U5n31YBfg
0,0,3,1,2,0,3,3zD6rxB92Mr0jb-LoYFFWw
2,3,5,1,3,0,8,9wsv3WwH0HtwPvD8XCdT_g
0,1,2,1,2,2,1,b3HiA0pIJ-qIUfXwqIvAZQ
2,4,0,0,2,6,0,OC8AUJshLVimn_-P_INvJw
0,0,0,3,1,2,0,04h3nxtkDfaKsJhrKRHZ-Q
1,0,0,1,1,2,0,ZXDlrA9Aqsda1WfQD3H6aw
0,1,0,0,2,2,4,2pmMehsVKnwhgWPSOxrkjA
1,1,1,1,0,0,1,NDAxF0_RCZBQedVO_d5WnA
0,4,3,5,6,3,0,eptljN50_4BpIwc2Op_A_A
0,1,4,3,5,4,2,Xp7OA8gz7zDgB3I54jyb4g
2,2,2,2,5,7,5,yV-eB-pQVeWE7W-WPC8BUg
1,0,1,1,0,4,1,MlWXHxdbIODf9GUcvUTfGQ
0,1,1,1,0,1,1,RIsEPpt2jM7c_Ko_CyLwMw
3,0,1,0,2,5,1,zgxNUxS8eIyhkrXegDLtjQ
5,5,3,4,9,7,14,O_Pu4mKGOqQVlmH07Zbnhg
2,1,3,5,8,4,7,HGzdDbukK8RJEc623kLz5Q
2,2,1,1,6,3,0,oX6KamASYXnMIe5kpVhezw
5,8,3,7,9,4,4,S4TWo9X6b3gU6uucj4JN3g
3,2,1,2,4,1,1,xZwaUcrFMSY1O9dK2dAUpA
1,8,5,8,8,3,1,qQvpS262VPEHKZvM6j5uhQ
2,4,1,2,5,3,2,XWDk-pLSbVE2Vvv9Z-zusQ
2,3,14,9,10,10,9,1hBOR97oX5Xph3J8Tdob7w
10,8,4,3,21,9,5,ybkWtM1ZnT2ewuquj3A9KQ
2,5,9,4,14,11,12,zAsxPh3h9xMQnSDGl41kSg
0,0,0,0,1,1,1,YEGS2TuSk7TQ_F8fWsE9ag
2,4,3,3,2,4,8,lNE3gOMb724YPlZAA8WlXQ
11,7,6,7,15,13,1,cpGv6ES2hzPCtCUQgipwXw
5,14,4,11,6,11,12,wPidHd5FxspPRgVqdEQ-Xw
3,1,5,2,4,1,3,9hf_gSaDn3cdLsE6vTsUfw
5,3,5,4,2,6,10,yYIEKwgQUHJpySOcVdCAkg
17,7,3,9,10,24,24,QF14BFUVHRODxGNVflgm3A
2,2,2,3,2,1,4,11yg-JMNCFowyIjJarzuDQ
1,4,5,6,1,4,2,q83uB6EGF6y2MuR-7VZPRg
10,10,9,9,11,11,4,oudTF4EN_C8thENGiTQf-w
5,7,9,10,7,8,9,ZjwZIQM4TfFO7T7ck7FtYQ
1,3,4,0,1,0,1,MVFeOZVt641WBvdsRmnhPg
1,1,3,0,1,2,1,9vgu6o1CwP5NakVkb29z0g
4,1,4,11,6,9,7,JdCFcgw4yk4M1ZRhAhBIag
0,0,1,0,0,0,4,311yXufoXR2dFngMHS9MFg
1,0,2,1,1,1,2,QB64-PgfEUzbrOL50bJ0Bw
7,12,9,8,4,14,8,rgyvl8tNVAony634_9vFdQ
7,7,7,11,15,24,11,v5a-Mj4eO1E--HmgwEWo7A
26,35,31,41,66,44,25,HTplzElel_F_U_qhWuDKdg
18,21,17,18,22,17,9,0oQFFOdPZycIBmGkoBrlbg
1,1,2,4,5,3,3,QdSGdvZATzejDkSs435Rdw
3,6,7,3,4,11,9,1YEuqVtVMHdpavzoGcUUug
3,0,2,8,5,7,4,bAew9nt-tw8YGjjD64gVWQ
2,0,0,0,1,0,0,7uoxZ35biPZfl8m5w2_XRA
4,0,4,4,1,1,0,uzJ2Vefb951El2oneQI8NQ
16,6,11,21,11,27,17,JPFzpR5PvZWqHXQMIZFk2w
71,40,43,58,98,164,159,fjaQ3Ixkofh8xGhklUtDnA
1,4,3,9,11,5,0,J2AiPQnKWBxBwc4MMkbH8w
1,3,2,4,2,7,3,MQtzOBwYXrTjqkWLLKInew
4,9,3,3,12,9,14,YlznKuAxnd7j3QfXFzoIog
0,0,1,0,0,5,0,TLjnOhDnazyPJmI8LqU5-g
9,5,8,12,8,10,3,Ryq600aoE3h8_qRQGIed9A
1,0,0,1,0,1,0,jqOPL979k-t_Vc049CnAjg
0,0,3,4,1,15,3,XTGb5b3LBuhWHhJS1xPnQQ
2,2,2,0,1,2,1,xMyTUliefguc3bfetGebJg
7,8,6,16,22,9,14,jqo3Ljexof9sA8PhSTwEjA
2,2,0,1,14,3,4,68JsiWNLKs8NDCrBCxIWMA
12,18,14,4,17,14,6,PhdMPqSdLZi6IV8SdnpUAQ
8,8,10,7,6,8,8,eC4iEcRR3p5NLq9Zf80ZGg
5,24,0,2,4,3,3,-4PHmmCt_RmAfaE3sDKW_g
4,8,11,14,22,21,23,JJFoeKZXgi2_LeECDMkkoQ
2,0,2,1,0,1,1,vdWTm_hVFdt5s8Ca1Xyddw
6,6,5,8,23,24,11,KHOHjA8HOcTlFBCtMQFv8A
17,8,13,10,16,19,10,ykxf0XiJt-d76dBwfO_yew
0,6,2,3,3,4,0,pSYCSXgabSKKJrIEJG-FLQ
1,20,12,18,30,35,27,HLWtNcf3l-wKb6v9duteMQ
2,0,2,2,2,4,3,XIZ259hZ6Yww3C0o97MgUQ
11,7,9,14,17,24,35,j515klfbCAEF3KPiKvHz9g
18,16,23,20,20,10,16,S2x-rEziU3ONR9zO_vpPxA
7,4,2,2,2,26,21,MONajnUQ5-IRtv8PSPn_yA
8,5,5,4,6,9,16,Jb5SB2OXbRW0e7ErGlMK-Q
2,1,2,0,1,2,3,IfC3d5YvkdaQ6ZHSpojMyw
0,0,2,1,1,1,1,pHBQ-dQRwN3z7Rq7iSog-A
3,2,0,0,1,2,1,Py2Jmwm7QXZRCVJ5hnPXgw
1,0,0,2,1,1,0,brkJrGv2Eaj9NTl9g2RMgA
0,9,5,8,2,2,2,spiYqne1kXzYQxDTZfKt2g
0,0,1,1,1,1,3,8AGIIxZ-BBHbEGsgmhOOwA
5,5,3,7,6,8,10,cRqZ_w9ImfYYIXTHpJMv0Q
1,0,1,2,3,5,1,kOXJrbuB1a1Na6sf_WQnDg
0,0,0,1,0,1,1,I8Bx7iuHWz6d2TQDfKfjqA
4,1,7,6,4,3,5,ki33_SvM4kPjgA44Re8-zQ
3,1,2,2,2,3,2,LWmlH8MwUnwMWN5Ma8utnQ
2,2,1,1,2,3,0,cCStad4wX3ADPbz5AHCn9g
1,2,0,1,4,4,3,xou2z56CFTWYoA99s4DpTg
0,0,0,2,1,3,1,QfCHvy6v39xPH7CvCASlFg
7,5,0,1,8,7,2,qodyGnpmj1zEfi7nJ534BA
1,0,1,1,0,0,0,unXHmjewHGeWQwJr74Sy9g
0,2,0,1,3,6,8,JD1uVun5FEF_Ih2PnHCbuA
1,2,2,2,2,2,4,CiZ_j-Hq5WK5WOW_zB7WZg
2,0,1,1,2,2,0,R6TxOULUEMSq1-7P0w6kTA
15,13,13,18,34,26,15,4pZeC9W0EIiBTOJMnwG2vw
10,9,5,15,9,3,7,jGU7WGOM2qUHofLKZAFAIg
5,13,10,11,17,12,14,FiP9q_YD5vgxu_Sflo5oZw
5,4,4,11,28,9,1,FIR1SRvSAMNTO3VvNaJn2g
7,3,8,9,12,12,3,yrBo3c3OTKVO4H1ttBxadw
36,20,15,13,12,16,11,R825-NTAI2wG2C4mN-dtNA
5,6,7,6,5,5,0,wN5WijlhJjW_3keXENR1cw
7,5,1,4,4,1,1,r5S_wYdu1vKRW1k-7_yOIA
0,2,7,2,3,4,0,27q7XsLrKPNwr8i5RcCOvQ
12,8,12,10,13,7,5,0kRBRm5xOWclzemsLl9iQA
1,6,13,16,14,16,12,Gf9HbiraKNZpxbxwScHBVw
5,2,7,5,4,3,4,DWZ1_iy-cTeehK5FTiqH-g
4,3,3,1,2,1,2,vubRS4bmJ_8yXpn-67wNZA
0,3,0,1,0,2,1,mv1gFZ8FYsFIOTENKhXddw
0,2,0,3,2,2,2,1ZMcQNF-hHL0nJSnh5_a4w
16,11,13,10,11,36,24,u-y1z3usKenHtOGrH5Vveg
1,0,1,3,2,2,0,vxFeYTFre83stnrcLAj84A
2,3,0,5,6,4,3,yTlW8Xh1wPpvHBl3dGz9mA
5,4,6,1,2,0,1,SQASst3NU4tA-t4cmWLILA
8,3,2,4,5,4,5,6M1F5AECDtWff1Tu3uLEWA
2,3,0,1,3,6,2,Uw1DZhEtTmLzMcXmdpR8Pw
3,4,10,11,8,15,4,RcHfSp2qCW8DFwpmpuNv4A
2,3,6,7,6,7,11,rE8048_DAh3Z8Tep466wrA
0,0,3,1,6,12,2,RwhUzMEG2tVnZQY9dEuXzw
5,4,12,2,2,13,7,cT9uP_Lr5bz6jhIqZPlLcw
1,1,0,1,2,0,1,WuYyJjMOQ9-mYArlNWlaig
20,30,17,23,21,9,13,UrxAu3jjRM_u6iQXDPzkSQ
0,0,3,0,4,6,5,vY3jiyABOyFOaGBujou8Vg
8,8,7,11,12,4,8,1tK0k-vRgGFC3oSZNUJ58Q
0,1,1,3,6,5,2,iCOvcfVRfi-f05aeqBLpKg
1,0,0,2,1,4,0,BP97hODPAzQvspa3NcyZPw
2,1,2,2,7,1,6,j9N_fG1PVCSY-3HY1TRQ5Q
8,4,3,7,4,1,1,u06X5C_pIAVuOXOznIcPYw
1,12,10,4,9,13,5,K5PfWwW61Ajommy9xvXdAw
3,8,2,1,7,12,4,gwrFXlSudWuA-zxZeE5svA
8,18,9,14,20,23,18,H0D2HYqLd9MRCq68rtbTyQ
10,5,6,6,4,8,2,SoyigEmlt4JYwnOqR_cqUw
2,1,0,2,2,7,0,niK-GkBZ_RIFscfy-nH1rg
1,1,4,10,11,21,16,vBg5V39Vf4eTx1JVgl_5Pg
1,0,0,1,3,2,2,UV04TEpMGWoQs36FkBwOgQ
0,0,0,1,1,3,7,G7td0ad3wqtEODTJpNjEZQ
2,1,7,7,15,7,4,_dOcOVjrFcIKbMWX1VTdBA
7,3,14,2,12,16,19,2UAbUSTMsR9G26A8AYO3dA
18,20,42,41,46,62,20,MVH3JOKpQvMTP4jxwBUhkA
1,1,2,1,2,7,0,IK1vnAKTv-6FMaGecUe1lA
7,6,5,14,8,32,39,6HKjKhgDLBpuZFNBOCzVQw
0,2,1,2,4,4,3,ygZ1n-RjzZibC80NLgHauw
3,3,5,6,6,6,1,9SFWEreW7wAXB3zYu28r_Q
7,8,4,17,14,13,12,6X7vAFv-Xj1TPcrJK7H2Eg
13,10,18,11,11,2,20,U8fJ4fEhoFGqxYLK_VNoEQ
6,12,12,14,28,28,8,05FJCAvUFOAk8B_nIOqt7A
4,5,4,4,4,6,2,JhEA8qHfNmIh8c6OHXnaYA
5,3,3,6,11,9,7,M5E7DW8rqI4v37HhD2pzGQ
3,3,2,4,2,1,0,TRNYNeiLLY-1yobo4rArxQ
5,11,5,13,17,13,3,518uzb7bRmoy7Ne14j4SPA
2,4,0,5,7,13,12,KUpdnQi16DGP54FlDWOJ6g
1,2,1,0,2,12,2,1j7xdgHkm-zU036o9EOUDw
3,4,0,3,4,7,6,MSMdhoUraQ0DLLwmLbM28A
0,0,0,1,0,1,2,pygZcdPZ-XMp8CY8_5tE8A
0,1,0,1,2,5,1,RdDRWuHNZVUCY6t-VkVsAg
11,5,6,8,3,4,5,ljsTa0MiQyVfKrgq2FOKdg
0,1,1,1,3,6,0,OxMl_jn8qNvV-pU2Dxj52w
0,0,1,1,1,0,1,kMcbuXZx3iILJVEPyLgPpQ
8,3,2,1,6,1,1,0lFRJ0q1PU_R4YaLNRWnpA
21,18,35,24,45,54,8,IUhO58Il7gUEjl1RMEncHA
0,0,2,1,3,6,0,oP8KsXHOUA_otHHI5JHScQ
1,1,1,1,1,4,0,cvCmbiL9gnIciQTQgm4BDA
2,0,0,1,4,6,1,TxWfLkj8LLlVLBgA0woYEg
2,2,7,10,12,14,3,pA-TU5anRV7T9abf0oTgtA
1,12,8,14,12,20,7,1T2rnvl67Gk9Uc0gzsCKQA
3,3,0,2,1,0,2,dXLRevtIEnAvjUhPM_zTEg
6,9,5,9,6,8,8,Kck9wE9Z1S_xxzglh1Qdwg
2,5,11,5,16,18,38,mJxu0USvbwSHcGsmwWh22A
2,0,2,2,1,3,2,jv-VfERRGsx0-MF7kLj8XQ
12,29,23,38,48,50,20,pPWre8lbVAssER6CN0uWMw
8,14,10,9,19,33,15,6U94ybDpNd0fTL7TIzb5Kg
16,9,12,13,28,32,11,h9xdY1NO4GnNijNChTy-8A
19,11,15,14,38,64,87,AB5RgQ0ZnMThdqgFS3cPuw
10,8,5,5,7,7,1,-1oj6-fkP-iO6OyW8QBqPg
5,3,8,6,6,13,4,562AuYjOuZwtTbS1UYhY6Q
1,0,3,1,2,1,5,x5Mv61CnZLohZWxfCVCPTQ
25,23,22,23,20,2,1,2ZnCITVa0abGce4gZ6RhIw
0,1,7,5,14,16,13,EmzaQR5hQlF0WIl24NxAZA
0,0,1,2,27,19,2,SiwN7f0N4bs4ZtPc4yPgiA
137,135,140,144,210,141,86,KPoTixdjoJxSqRSEApSAGg
66,103,96,92,131,144,139,e5kc0CQ4R-PCCDgb274gSg
3,7,3,5,4,0,6,72N6TdH5MdUWE2YhYRbyxw
14,11,20,5,11,11,6,neGAQFkBNI8-rpPBLBzNkw
105,105,112,104,161,240,151,45puCRQ6Vh_IIAy7kkfFDQ
16,16,12,13,30,47,34,P7wKlbSRsoRrfH3DFOY08A
18,46,95,105,188,200,156,BESmH-lmMm34_EefL8X9fQ
24,59,21,33,40,19,1,D09yG6Z3gcsh24Qn7Y4gYA
86,112,86,86,54,3,3,kaIue7GRCmkPzDeHDBTttQ
19,28,46,27,65,47,45,j8nyAaN_w5t6wYv-ni23sg
0,5,3,0,7,4,0,5XIvwfbIa-vuFEkkeCQ6kQ
3,4,13,7,10,13,10,Y293fHh5SZ0_9BZm4M6BCg
1,0,3,3,9,5,1,IceZ4BtTz76eppjNWm-c6A
2,1,1,5,5,1,2,QsvRjgQacMMFf8dit7qqDw
11,9,13,14,5,3,0,LXhL5X3edNRy7epku6UAEw
26,35,31,33,55,55,53,-lOSaCuBRAvX5JBifx-EMw
10,11,22,19,12,5,3,XI-_Y2XRw03mozGx0Z90Gw
45,38,69,57,85,110,72,qsWxbgQwuomXvMseg23DGg
69,72,88,78,137,161,146,DlCtdbceo4YNSI53cCL2lg
3,16,5,13,7,2,0,kR5i58Pcse1FD9tk-yYLlA
38,47,67,62,71,49,29,2I666dqzs1XB6xigIKa9bA
0,1,5,5,10,5,1,yExYqENb4F6qH6kJxTOaSQ
11,17,24,27,18,0,0,9BH18avE46LlHMvJn67MaA
87,96,98,89,57,50,37,trAvQPp7gps0Btk-2AmLpw
4,6,3,1,4,4,0,VCQ3VvnVRhibTT8J61xWkw
4,3,4,4,3,5,1,s6zzKc7UvwDRxn-BFlhiTg
1,2,3,6,3,21,7,tK91rSBc8SWa3XEQwe8D4A
64,46,73,57,88,153,88,gkv2XvXpFgiq4Bb2XK7YmQ
2,8,5,4,6,0,0,If2DUhmWIvlu2JFc_rR-Bw
11,20,10,13,17,10,12,xH5axHFadmc7Veutt376TA
12,1,5,11,7,1,0,Vvh2Hd4SsZjEEfKLNKAEWw
8,6,10,6,10,0,0,sInUSy63Oh455uWs9p9OqQ
39,28,44,54,35,2,0,wki-Qlp3OWgH0XtZ-Jz_WQ
15,34,22,23,18,12,0,OoHWabV-ym7_HWlHeXTsVA
25,22,31,21,22,10,2,oSKT5oZX1NWYaHwOWL5lag
7,11,7,11,0,1,0,QAe9UHKsxPdXQovBpaznMQ
66,65,66,76,90,95,102,q1nDSpmV-FdTBNj6UuZvTg
10,20,29,28,46,73,35,muCl5p-9ut1sY0aKeUeRhw
127,142,160,143,245,353,151,oCA2OZcd_Jo_ggVmUx3WVw
18,19,22,16,25,36,6,eK6KGMKqU_4nB9RdayZD7Q
3,2,2,3,4,28,5,jn3OgTqiQIFymRA9U0PTfQ
43,55,51,35,77,103,72,1-1VcGTL3GyCqUpXZLFTZA
0,5,4,17,60,63,47,dNEAXZDrZ3TtK4d7Pl2Ydg
24,27,60,64,79,120,1,JR95uaM82xBUIZ-kQ785iA
31,33,44,36,24,15,0,odhXwWaYZvD_icIN6f_DbA
1,2,0,1,0,0,0,avPNEqlXgyBvTXjb-ujQFA
4,2,0,3,1,2,0,ldIxXmxD3Cku0vODGYb9dQ
57,37,53,52,51,75,88,hWhVP-28LYP3llaMlAJ_JA
0,6,10,13,63,83,21,c6sTwXAwIAgf2YQtA4ZWHg
23,16,11,20,19,17,12,ixTr1qXUFGTzyaZUuCDDvg
1,3,1,1,0,0,0,ZoQAOnEFnyHjSpomtfqesA
50,31,41,54,48,59,64,apCfJVnRyaw6oVUBKujpUQ
21,18,22,31,28,19,19,ykfTh6HI219NoMsWBxulxw
2,0,3,2,1,0,2,McdTNj-TUMOlfkHwQWs4rg
19,124,146,154,278,326,304,tb24fvNJfHhyKEXkKn12Xw
8,5,14,8,17,27,34,0VpsHbGLHDVKIKAi0ZliyQ
14,5,3,6,9,17,17,q9B1h5eGBvHjQLF10puUkQ
63,42,48,43,68,89,96,VXIkI9_EbDbYHeO9IzKjJg
10,6,13,9,20,12,27,VKxn7zmp8nOYT-ZHFZTjgA
4,23,29,21,24,30,36,rbiRLiFTG098z9JaK3Nshw
8,10,11,15,27,22,24,cgNIBHS2mLdbTRiodAT6EQ
3,18,5,7,26,19,17,SZvYxcvYYVRue9MXcEDjsA
15,23,33,35,43,85,36,5-X03Zc0nN7U5eoe8uFUdw
16,19,16,21,16,20,18,0De3TQ_uSOXwgduKL0va3w
52,63,51,54,65,117,101,R6aazv8FB-6BeanY3ag8kw
6,3,6,10,12,21,9,JwjDSrMrKmHUXYqoIvTgUA
66,70,71,78,83,45,1,Xo9Im4LmIhQrzJcO4R3ZbA
12,14,4,8,7,5,4,TNKr6FelsEqOHnatOgWhog
7,4,11,11,12,18,15,NYBx4sdSVrN-I5Q8RfLMPg
92,92,122,76,177,198,199,Cp6JGY5YIRncTV_My9nf9g
0,0,2,1,0,2,0,04HakCR6gEeRYNAoKxkppQ
169,188,173,227,348,476,380,qMkIbQFrROSnPaQ7at85-w
0,0,0,1,0,0,2,R10n8BjvPvQtgJh4DcZUIg
6,5,5,8,5,8,5,ITyAEjIw9ekv0wXpGHQF1Q
2,19,17,22,17,7,7,q2SZa5g85758iW1L9sSL1g
11,14,18,17,26,18,21,po5FyERB4lUZNnBIwnhFlg
1,3,4,3,2,1,6,I2IofjP2sHZUkv7pcoc33A
37,49,35,46,55,54,52,_RBUU1y4yJrK0SPAd8z0-w
3,3,7,0,2,2,2,WyJuGTwFwoN0k8iX8FsqYw
11,18,11,14,19,14,13,W41CEzdKJe8wdDB-Rd6KJQ
47,53,53,56,94,60,51,PEHJjxdw11TGFma9Zhz3ng
17,42,32,58,173,148,32,BcBxTyj09Wu-w0KA1QvKTA
0,0,1,0,0,2,0,zU8IfotOLryhaz5okWx6cA
2,3,4,4,0,0,0,h2ewvzx8enIwYhNbtIpcZw
48,57,62,64,75,70,73,xfk9eY8gmwn8qsbyd-W6lQ
25,29,33,36,27,33,25,_gXpjRIjb5fv5f5IVGXvsw
2,2,1,2,3,1,0,JWvdQoRe00tbdNwfZYeK6g
1,5,3,6,4,0,1,11TvD4sCfA8GEqLDANpbSQ
6,8,10,4,3,0,2,ZAgPh4v-oOb1g6cdlkKI0g
7,3,6,5,6,7,9,2unQHR9uaRxk3dsW6f3MGA
0,1,0,2,0,1,0,6gVX9y8rhF5WosQDb6yQXw
0,2,3,1,2,1,2,4rcOm0NnQkBanyS5g7TSNg
19,17,16,19,16,24,12,s87D-mtAuJ8BluKgYYsXGw
115,108,111,90,135,117,134,yQONzVpX-DEpGSuKMIov6A
14,22,11,40,30,22,29,IgaruuknYwCr9afeDYQ_yw
15,24,30,20,24,21,21,Um5VnQXli9IwplV2rmgggg
10,10,7,4,6,2,5,_8Y-XNHmQ76xmxUQIrn0sA
2,0,4,1,0,4,11,rAb_wfdKKPPbcIysjYcW4A
47,57,56,60,80,55,33,hzUOqxpcnYYBgLlrgvjQYQ
29,20,18,22,22,23,14,5UBAWhxukaPrc_0DalT-3w
39,46,76,61,110,93,54,jzPMl-NoB5F2fwoHX3hN8A
4,7,6,5,3,0,0,I4L_MJOZsnux3xCU2bLP8Q
24,20,23,26,24,21,31,JN2qXIuDXnV2d8WnSqd28A
14,17,18,12,10,12,10,KIbFaBrZDX7rrYJInkv5Kg
109,112,112,146,196,258,83,-AAig9FG0s8gYE4f8GfowQ
9,3,5,3,4,2,1,SfrBXbRdNB_gqPkIgJyKCg
19,15,26,22,21,1,0,7Jmri1RCl9Ksmpi5EoIOZQ
163,111,135,214,316,351,195,3xEB9FyFXolq1b_Qn_BFtg
23,13,21,15,17,60,77,SkNUbFJiJtbZjY-S_S0u7g
7,3,7,3,10,8,4,VZYMInkjRJVHwXVFqeoMWg
12,9,15,13,53,11,20,g4Eit1EeeEGhTVik6AWYsA
15,23,17,20,18,12,13,cIwMq5KNq0ASQzoTP1dE9Q
4,5,1,2,9,0,0,OkXpdUozVS3vjSRtCoSIvw
36,44,51,68,66,52,40,cjUmPLRT43wN9Z87A9BOpg
42,51,47,39,43,54,3,UWrB5H3G-hhiHMy3iKV2ew
118,131,111,108,185,143,104,-3WVw1TNQbPBzaKCaQQ1AQ
17,18,25,43,96,102,52,VC0VbRhQqvXpolK3pFuZPw
39,47,37,27,36,37,58,wTiQXYB9fE9rcSZDsZgbtQ
14,15,16,17,15,8,0,L19_1cG2ALVjdBQ456h26A
28,11,23,22,23,34,26,zZmhEpiVpRfFQid87-pcOQ
2,1,1,2,1,0,0,OCmmPs_5NBt65ZY7OuG-lA
28,21,37,29,21,2,2,WPSM_oTPceoSnwqQWfAsdg
158,129,158,168,255,274,211,3UMcsN9IjoeV8JZvC4apag
1,2,3,0,0,3,1,kUGgkYxXxHDhD6mtpQdUNQ
4,17,5,8,20,41,10,hKB8OTUVIYLlDVWqFg8lnw
7,11,12,15,12,14,16,wnOQw4nazfglLxwLogTlng
48,43,34,57,68,40,2,DeAnVirgOxQnI36V1W158A
151,138,131,154,202,215,259,ML1RJdeZ7bbfMrHvJ7m99A
13,6,8,8,6,10,5,nrb_PRgJB-ZOVLD07fikJQ
1,0,0,0,1,1,0,lFs2xPJ6Nngi6DnHfsX4qA
3,1,4,2,1,2,2,-S7aL8dVIiXjCdbTZVn8uA
276,267,299,294,403,494,477,AkOruz5CrCxUmXe1p_WoRg
6,6,8,6,4,7,8,kIvIqHvvFOc6aCutFYIvNg
9,17,11,33,31,17,5,3CSaqRNvYg7ZdN2zwxwzVw
14,11,24,30,63,40,20,_GS1R0LTwr6h8rMWY_8U9Q
14,27,8,20,18,42,1,FW2Z4ll4zSOEDAJX9-wBZA
48,61,79,54,64,77,71,JZJqJadk9pSoCGT7VTwBvg
4,9,6,57,16,34,17,lF1xl8uiYRSLCibhb31sew
17,15,10,5,9,23,15,XcwbN5fDlyl8qCttcdDGKA
7,6,3,7,11,9,8,VlG9qxAc4d0em2djaU__xw
1,1,0,2,3,0,1,naUFPFYH2CqHtTrV3IAJrQ
19,20,17,20,16,14,9,W8WyVVxinyRjzP8gJa7ILg
28,23,26,23,39,70,47,PxeX1M8WtyPxX1MuuGIh-g
3,22,7,7,68,11,12,eT-7JjVWhRnkeY2UwXwUMw
45,41,67,52,98,92,52,auorqdHiATGZHVd-sd79ZQ
22,9,7,14,36,53,33,lLI8ObL8aCVbkrrtAW0EHw
0,0,0,0,0,3,1,MEraJIKYztC7IOzYwMe86g
39,41,30,39,40,75,93,FKHv7FkblONv9qqBndJUrg
43,60,33,47,77,94,61,7srDFwPPnzBaQoPW55Dc8Q
2,1,3,1,1,1,4,od49_DFUJY9louGx80My-A
1,3,0,2,3,1,2,lHKS896yFkmAuWyFnbNP3A
9,23,37,31,55,63,11,LzpR_jE6VIutJ08s2cdRrw
46,43,56,71,104,91,67,0K35eGvzVRZEirNo5v_WfA
2,2,1,3,5,2,4,m9k4BhXgNTBTguxvLNUaEg
18,23,10,19,39,36,26,BT2Vls7h6sWrCKa5gGXbKg
1,2,1,3,0,1,3,UlShIstbG4Yfh0MpTAEciA
1,0,1,1,5,11,1,t54zAs7IftAVb9SKcCRotw
4,4,1,3,2,2,1,HNusESyB6lEgrf5IUwUr_g
25,31,31,41,40,80,53,s8KRwTTrQDSKrS3hOjwYLw
88,79,101,116,195,164,163,18TUn9oiW0k0yB6lheiOvw
46,46,61,68,94,86,76,ntJAKLAq0cXzzdFgPoo0Iw
11,19,19,15,15,16,4,OT0gFIAr_c-d3i-IQ6TZQg
118,130,132,302,188,222,127,c0RSs2KYK5Y-ZlSrNq9LyA
32,38,40,36,44,50,16,Tk2dSL0TwQeI_zNJmb442A
40,49,58,77,97,153,141,GpK9MeUjEd7rwhejG2ykww
18,16,12,21,12,20,44,74NT13vpDleoNrkxQdEpsQ
6,11,14,7,13,3,3,KLaxBc83JnxyGf7GP7enYA
12,16,11,13,13,4,12,X8dNaEFH7LWDt1ORmkfDTg
25,32,36,40,62,158,82,KNIw6kwf8LZkrS1lEnaLiw
39,28,25,28,70,32,37,gQjTs4BDNYSu9oJhkEsssw
61,61,55,71,87,75,93,ib-y5nsfn3unE0lLY1vfAw
78,80,88,87,126,163,134,Pfb6VOIiroqDWOebfgWGPQ
67,58,53,80,94,159,135,HIiVx2mseVWKtx8TKfWC_A
1,3,6,6,5,15,2,jSEcE8AY-mzGq9EOiyrtng
41,52,43,51,58,41,1,LYyGQgL60VKdV-p_9OxmWQ
37,48,50,77,119,123,93,mgllPJA6NQXlJurFWAkqQg
10,22,18,18,30,34,8,T5HYqRADhAL6VPRAacz74Q
1,3,0,5,1,3,7,BJLoCsSp2TkHeTv00fJTVQ
93,108,76,103,142,143,126,CqhsIZ7TzCfJTrZqg5-gqQ
110,118,123,150,245,301,303,5kRug3bEienrpovtPRVVwg
48,47,44,55,77,96,65,TqHTtjPANCBKGsjGBjDoQQ
49,51,58,54,76,50,51,VpW40mznMS43CqdbelX2wA
13,14,22,21,25,31,0,PAtgWCLCFRQd_fjnihISOg
3,2,6,2,3,2,0,JxgoluY8hnC34cys_f80xA
11,19,14,13,16,18,17,WzhHlaEyaHE4KIFfcqC_9g
23,15,22,23,31,25,23,MU3i2uEyUBntebU6pEyMbw
2,2,7,3,6,9,20,rJ7HH85lo0wTNr5BiYGQ4Q
1,2,1,0,2,1,0,bxpzP73A7gauvxFEyd_8xA
34,68,55,72,158,210,59,peA3F-PnIfijYr8HuG-A-Q
53,47,41,65,68,67,65,ut-kla-EA23nJOij_dcL0Q
5,13,12,8,9,9,4,bewtZL-VV1oeGUdAhHVz6Q
77,73,72,86,99,99,58,fmuj7u1gflmEjW-h0v9bwg
118,123,105,168,185,242,179,2r8jGeuYvMkyP2ik_X-Bxw
9,14,18,20,22,12,17,kjZJsF1juY_pTOw_A8Ve6w
64,66,72,65,83,40,21,wftoNIA0Q8nX-Da47psBCA
10,23,11,12,15,19,13,Ta-fY1c_E8qHBBDQGyxPkg
79,78,91,108,110,105,57,QdbZyl-LWFS54u93Vjd5SA
4,6,7,8,5,5,7,o3TruOSgOwNgx08QosuWTw
44,50,53,65,54,48,40,Rg3INE2p4zQYvfMvJduEOQ
6,10,8,12,15,15,33,imvNxppzxkLUPH64pQsDQg
0,0,0,0,1,2,0,Uov4o_7gRqQKQyjVhWOpVA
1,0,0,1,7,1,0,NDKkce5Au-o_OhIt5f2ZBg
6,9,6,4,9,6,9,K9fIADfO_zKFPFm75A1Hxw
9,6,12,14,14,16,13,UxMnY3Dxafucv5cXHyfBSA
32,39,54,53,90,67,4,24qSrF_XOrvaHDBy-gLIQg
3,2,3,6,3,2,0,YSQnaRE4Le6CaonZICFyVQ
9,4,3,7,9,4,5,U2hhSRVHfBryKPNTgasprA
4,18,28,49,62,85,53,yPfvOB63thP5t3pGZPJExA
2,1,3,3,1,4,5,u0zjW7rluJgUeQTnaZnkJQ
4,9,6,3,7,5,2,lgWe8lSmcBk4Pq0kVI9-0A
38,41,38,50,70,36,41,rVUEZpHQfWI_3kt0lBwaxQ
2,2,4,3,4,1,1,Vu8od1U-h5qqwj3Jf_Hnzg
3,4,5,9,9,13,2,_BhzcKojv1gjdRINe3Gkig
16,18,19,28,77,39,16,vvA3fbps4F9nGlAEYKk_sA
25,29,33,38,50,83,80,4rySWsfL5enT7t4XuVNJuQ
0,2,3,2,4,6,2,NVqLUZ7Vb9B_0RJm_BS64g
8,2,8,5,7,6,10,C6oCdg9wVaS81Re0WfBJzw
1,10,8,12,12,16,1,PuHucejs4LG3hSXnrwi9-g
7,8,10,10,13,29,14,aToxIssFRGDGsTV4yJ9qbg
65,33,31,41,49,31,62,3DMvGD8ZmlMQmhwV66hdSA
6,5,5,5,4,5,4,VWcaFOSFcDwmFquycBzFyQ
0,1,3,4,9,13,6,HNXcjXTz_Ogsdpm0Kikhrg
38,33,20,21,24,41,36,69t2S1u7Rf6qM_c14b42xQ
9,11,12,20,17,25,11,iDoigI3605ixHl_qHly3Tg
169,153,177,193,311,283,219,zMa6YoEekpABg1HZnnTZdg
30,29,49,30,39,27,57,gxuVySgACHDqJlwmelFHLA
1,2,1,0,2,3,2,XjJUuz2N4RWBGB2EJof80w
12,2,3,5,3,1,0,cvb__rYMkj4BMhC3p_FB3Q
15,15,17,13,22,32,12,VpSiOW1PapVmZyyRBK_GBQ
10,21,7,10,14,13,5,Upru5VE0jZ81ZQVVNCK_uA
31,30,29,24,40,69,70,oc0Wl6ktfMLb5VZ2Uz6M2A
23,14,32,38,67,49,26,yb17xHvhDJthJGS10uhFeQ
3,38,53,52,67,50,29,_ODHYjCmrb3W9hIGJI1uaA
10,5,15,7,20,14,11,CvJNcUtmNubDF8UmuduNXg
47,40,46,38,44,39,54,y-uHaMLLWQydSyWJawLIUw
11,11,9,8,16,11,10,nLpV9fo8xml-QHOKyOje2A
17,23,16,28,15,35,25,JobP0ghILdh8S8l-LhHHxQ
15,15,15,16,14,8,0,GSsq_y2PfYBzn51gAG_c7Q
3,4,9,9,5,2,2,9Dj2we91vaYDVhfq6t-Luw
53,75,47,39,51,39,40,edjCywtqffQ8__vM7POZbw
0,0,1,1,2,3,0,4f1b_-ceB9S3olRqGujh6w
17,17,17,21,15,35,27,hLAWdi804nVfTLF7T0rB1Q
145,112,121,134,89,89,96,K2_Hmmo5crTYWiT_1sWnfQ
6,12,7,5,12,8,0,ejfy33R1avFm7oygL34uQg
14,8,13,13,18,17,4,j0Uc-GuOe-x9_N_IK1KPpA
27,28,43,33,50,69,75,fVgrpVyp-nPLTac9YIjTug
47,42,33,53,80,67,84,5Js9G0axfWhbYlB9UgXLww
13,8,10,19,18,23,21,N-gqIeVDebI3qgwxf1jMcw
17,22,18,21,16,13,11,2dJ_UPPCpcjo5JeYPnjaYw
2,2,2,1,4,2,4,2gMx4KnXbNtpoCuVCmyo3g
36,38,53,45,39,42,0,S8R5c7-plWe3NtmijYAJvg
0,2,0,3,8,3,2,NLMGmL27O1H-Vr-HnYQJ1Q
486,631,293,366,504,674,515,SDwYQ6eSu1htn8vHWv128g
2,6,2,6,12,6,14,7UTlEVHU5v2xBLdkGghyzQ
28,23,36,22,35,57,20,yJr24Yy1K6bt2G9fX3_zPA
3,6,10,9,4,12,6,wdEnI9WTLHiqSCH1RdJ40w
52,28,60,37,66,106,33,qz4ZOcv-840UjfCEYI4qZg
3,0,4,2,1,4,7,FRDZ59oRvUSs4gf-itOCBg
54,37,44,45,65,49,4,m9Wqqma30o-hH2fAX7dnug
3,3,2,3,14,11,10,7SoGPn8dvce7A1aHdBOGLA
61,68,69,55,96,102,62,To5CjntVFawXM_hpAhvVdQ
16,15,16,9,22,32,46,UxvOXcoCRFRAVhRB0D9imw
2,1,1,0,3,2,1,sMD2HPNh7m0hgCxHDzGTzQ
9,16,48,45,172,137,36,4vZZjr6IZAk4riT0DB8MbQ
20,13,18,14,18,18,21,TBTaMIaeDw5B79hXDZBtrA
0,0,0,1,1,0,4,fuoUja6AXOaOikyLaKOrNw
1,6,7,11,12,20,12,MPziC5MO2QQiYVAMM3fdSw
90,75,102,91,122,185,3,iNvY0zAlaD_ye7Z6rHu-Ug
39,53,39,51,50,45,3,wct7rZKyZqZftzmAU-vhWQ
3,4,4,3,2,0,2,y9hLY6sdKhxz1puWrp5f2Q
45,52,62,60,83,77,60,uevPN8zwJpBpnxRur1jUhw
12,13,29,20,39,86,80,RIeWXLMHZQlYprYt1x2f1w
103,107,93,85,81,73,91,9Vu9KhK2-kBSM-FXvxXGNg
2,2,3,5,3,3,4,jHte0SjUldZeDDZ5py0ZhA
12,8,9,15,3,7,2,i8X14GDzaYD_TOGeWjmv-A
16,8,7,20,12,10,12,BicQSnGZnY_yuGEDkhVfnA
3,1,4,2,6,3,2,QplY4p8HHJY0ncbgcpb8WQ
1,0,1,0,0,1,1,ZN9aiuiCPAXWHmV_hB3KXw
20,24,19,35,46,68,24,MLVKDbuI2xaOJQ4-NZj2MQ
7,19,16,14,34,36,19,hqVbmZNLTdR2y7G7oJu9vg
13,15,11,14,35,31,26,ytcm2DXuJWKPTqCtr6uJ4A
3,2,3,4,6,6,2,PeswraYFyhr33CmAK5oW5A
15,13,7,13,9,1,0,C4_VnxikagdjSbNQiblzYw
16,12,17,20,16,6,13,wLZ--5d4lXImxrG7VhdTyA
7,11,6,16,8,7,10,GvwDppcJLm9lso9iS2hSIw
2,2,2,1,4,0,1,3rJE7qliy8_ylKhY5FdlIw
47,57,38,65,88,99,70,ieYiA4L5gk7S3kZYK0l_dg
1,37,56,43,71,92,64,YldXB1hRpnE1CWLF3mvgpQ
72,91,145,94,260,195,166,G9LwkTSdKOyOGqd5BbuIkA
6,2,0,2,3,2,3,gOgEPdwS-oJV0XPlXErNRg
20,16,32,17,20,11,17,Y_dzA9OHRKa0X1cqcRmsaw
39,34,32,29,45,39,26,4eFIVmbeCvJGCrhzmd-VYA
18,20,19,22,16,9,15,PxqufEwqzIHAbQGRdZ3bUw
3,7,9,12,18,25,21,rwT9wCyXNATA36yqcb4JSg
12,10,6,10,12,6,13,EUXT1vSFWaiD_BFmFK8rBg
16,21,20,20,23,27,23,Y3a3RkR97J_ReiKgiMXeJg
21,66,56,56,78,100,52,3Zsjlum5kl5N5KV712aTMQ
3,1,2,3,10,7,5,PxUQyOAdK8c3P_WnrXuCUg
37,61,39,45,60,47,0,flUKBy7WHqYdfOrwU1A2SA
3,0,2,0,3,4,2,s5HAJmxNrWjQv_MNLHAMFQ
7,9,12,8,13,15,9,hIe65VALe8rxseYECVj08w
4,3,6,3,5,8,0,unPzS1QJJctlZyLGFSk_HA
3,2,5,3,21,16,6,tC_T3DykMOlLV4p7iiRDWw
18,19,36,84,40,104,44,F-ykHfGY9lWr12OJ_Ofy7A
29,28,40,33,55,34,41,F3SEkW6v2LJ5y6Ldo5pPaw
19,26,26,34,33,47,1,kxDGexkbP30fBvxVI0CzFQ
0,0,1,0,1,0,1,faitVIiNezSN0ogZQSZPWQ
2,5,1,7,5,4,5,PkBqPU83bf1zArumGVHqcw
0,3,0,3,14,13,2,JrXNBygUySEQ_KV3dZj-2w
27,21,22,30,54,24,29,aozcOaCMwOHG8s-lbZ6_gA
0,2,2,1,4,1,1,cTyBfWfmgL3vgRetyfmtyA
1,1,0,1,0,2,0,jw-etWMob2A07geTAVkgEw
3,9,3,6,5,11,5,adEJYiysRmK8eDqnHP9N6A
2,2,1,2,0,2,2,Y9V4EebKsaBmvKPlxXVheA
2,5,2,6,4,7,11,beSNHSvR9kjE_5vXJ_tlfw
0,1,0,0,1,2,0,_IE5XDjxeM47NSzhg7sItg
3,4,3,14,6,22,16,En2GuQV7FoOGHhXX5SMEBg
77,65,76,66,83,114,110,V3lQtk1LgwAEcF9j-BzchA
1,1,2,0,2,2,1,vA9aCw2kTgN8p2SLdm2mDA
9,13,12,18,20,11,11,rGHktXbee4CErLsMrPqbrA
3,1,8,7,17,7,4,kF8JDYpLnbf8AZS9gpHXJg
19,21,30,26,41,31,16,zTfBa__ldlTdbVgSl5h31Q
5,10,10,11,16,12,17,3msnZ6oe0sslHsE1js1QUA
3,5,5,11,11,18,9,JqAI4UA2xXPYxvlhzG-i9A
9,11,30,25,37,33,20,2J1DtN7FjGICQcgRei3jKA
40,32,54,56,63,69,63,_BU867oRCLZnDIRmg7S6Wg
12,17,27,46,38,34,20,kvxrjOmicwb2njvXOJsZRw
1,0,0,1,1,3,3,zwJX3eetOhpi-gv4-E4rcQ
9,2,4,6,8,16,6,pTBS-RD0_DZwu-Scp0bWwQ
13,16,16,18,34,40,36,pNJhovUsGAZ4XqG3lCU-5g
4,5,5,3,3,4,0,fhmKIPGVx9_O4P9zEgCHjQ
11,21,16,18,40,38,17,jq_YnMQjcArdBWuwRospFg
4,1,4,1,4,7,5,4XJ8gO6cbS6PuZ9dzPsrBg
8,92,82,87,113,129,104,pF7uRzygyZsltbmVpjIyvw
1,2,1,6,3,2,2,DEEAiq6dqVU8bvtC7VXztA
8,4,3,7,6,7,6,dMOdFKdeI7GuZUIq0jwAQg
35,41,32,21,42,45,41,DXBPI8rR9f_IthOGPDWoIQ
54,36,42,46,63,57,3,nefBMCGgMPvOnASoyO_X1A
3,4,4,5,6,4,2,Pv1H9KIGZTDgSaCDuTUjdQ
13,15,18,19,15,11,12,VTFx4ADDP6nPnlcMHB1-Ow
9,7,4,6,8,7,15,EUfVkqNFv5Ay0W7nbaivJA
5,4,4,2,10,6,7,gCQuajbLB3hQQbipYpEtYQ
2,2,2,1,2,5,2,ZN-RG7wkT8MLsmaTPzIW5g
0,0,2,1,1,5,1,aVBebzA7D9DpQ-JbiCxQNg
11,7,16,10,13,10,7,oMtqDDzpMcFrQwHfeYc1iA
0,2,0,1,2,0,1,fyy4WNuchHJBa2zH6L8QQw
12,9,11,14,13,16,24,vB3vEjcw9dfHmgP8ac5ZMQ
6,8,9,12,18,23,20,e6i8v7VkD8yJk02PH4d9VA
2,7,3,5,4,5,8,FucrEEO2laIlAnIZ_n6cTA
16,11,11,14,15,29,25,vUmCtldBjn_AuHW4tg2LZQ
4,1,6,6,7,5,4,FzKvQFDbB2bimdftxMO55Q
18,17,24,33,51,52,38,PkBkqQpAoeX3Ogo5HBthQg
25,30,36,32,48,46,42,Yb2pNCxYR32XKmpirqJqeQ
0,1,3,0,2,3,2,4ocBzpAkIrqXvz1Q6Hysjg
3,5,2,6,3,2,1,G24-f72eXmV4xxjoVYY1Lg
9,16,11,10,7,6,13,l8v1GHaB4CsryK6MioZ21A
6,4,4,4,8,6,5,bexPpkHMthuCaeC0g0Lrfg
9,9,10,5,6,4,2,53Lq8bak88EtuZyKMmDPmQ
1,4,2,1,4,13,5,WQJwpYwEFT_QTR-lFIh5mA
3,9,14,56,46,60,15,f_leeIRar8uNCkk5sAmHRQ
0,9,7,6,11,13,13,-nHYKkSJuQ7zzFZ1veRfPg
1,4,0,6,8,5,6,91iKybk4E_LSl5vy0F6mkA
2,5,5,8,4,10,11,DlLduXXSwjkm7OL4Z1iH1A
1,1,0,5,0,1,2,4sE8irsM-l6Y-Npodmx9kA
33,44,30,39,70,64,62,lf42gtgq_2_jPvjfp_K1nQ
2,0,3,1,3,1,2,gVgJIBQDXHtgIS7p7uDa6Q
4,2,7,2,4,6,2,hxruECjY-r3Y1WBaFcl90g
1,1,3,2,2,3,1,TepT2VeFe3tMYdAiqj12vg
1,7,9,2,8,23,5,DIYHTgM-YGKWOWLzQ4XVhA
25,10,11,32,57,46,35,0gQrhOYWdO0XVZEKtOrvaA
31,43,49,31,77,70,66,JImJictLIE48_O1z-l2TGw
10,11,7,9,8,5,5,WPy74Udv6X8dgxK6F9uxCQ
13,4,10,8,15,3,2,n7dkpRLUl7C6zLRRXk_BDg
0,0,1,5,3,3,3,q5Vz6JNAGDqAT_P1lB1jVg
0,6,5,3,4,5,5,Snu39WyiChz0NwFWRMyUvQ
0,0,0,0,10,12,0,8lMQrVQU-5iG9UA4KvcnsQ
3,5,5,6,6,5,6,-KZA7UoULw_pM3jBBUzb8A
1,19,11,11,15,26,0,1OO3fy6z5lxlRuHnnhPStg
95,83,79,67,106,108,8,qXQ3ZBdwI3GlbR5-eYWqNA
3,2,3,3,8,24,8,HghAgkxoEpUNZNQbAY485A
19,29,30,67,86,67,74,vFJmFFfPVhHkC3bWOeZnNA
40,35,35,49,79,68,49,4mZ__NR8jLD1k0rYpSbplA
22,19,21,22,36,36,44,hNVcBhJSD5HyLKMf_Z7TaA
34,39,29,39,52,49,36,j5HLcBru7FEirYJPbKFVWA
0,1,4,1,4,2,3,otjJD3ZoMVQOflk4LvoFZg
2,1,1,2,1,2,0,DLBRqj-RXzg2QPJko9L7dw
22,18,19,22,21,66,52,p1ntTC9-CI6x5Y_nUoo6Ag
5,6,5,9,4,5,9,nqpUjsD-nUIQCrr15B9W-g
36,25,29,37,33,47,31,lDpZvI18smqlyBeC4YykFA
1,2,6,8,4,6,5,ydnc0p_oPL80BBKJNZGw_Q
0,1,6,3,6,3,1,Wxt6FGF4vxsnKYksMZRoiA
10,5,3,8,13,18,18,hgy8A1Wnqyi4M-HJIFLpyQ
25,43,22,54,75,78,44,-xLwGUmmyKgsTtFOOXzjeg
8,13,15,12,13,27,24,UYHa5iKUddnZrlxF7taI0Q
45,38,39,52,81,98,49,EfmR4e1tmjC5_ZQOgfnYrg
27,25,24,16,36,49,34,oqZPXoenkQvAKQJ2pDCo0A
10,16,17,12,18,36,22,IcuPhhH7QCOCT19EDEppEw
8,3,6,3,18,14,26,9UgwLTF5mSf9ip2xEYYy2g
28,47,45,34,34,25,29,iOITnizWLD3NlKxRtZd5AA
1,10,3,10,10,4,1,5MlUPatQxg4GZhkPwGIvrQ
3,0,46,12,20,42,6,gOlJQuE3WYeMgXXDKYfdeg
11,7,7,5,13,10,1,doEZAj-NSnoEMOJl5yXcNw
10,9,10,8,8,20,10,F5vKD7ajS69CwuFyBVxA_g
30,27,28,25,49,54,22,VpQZo6KV8CqkIG_MRQ3jiA
6,8,10,7,4,10,11,4zBdx_EZFaDFJ9MvqxYNeg
11,10,15,17,10,17,19,vWcUrFcweGXAWsil_pfpjw
8,9,5,4,8,9,20,1cGZU2gDewDfEu-bBMZEgQ
8,11,14,7,17,13,12,rEC1QrZVEYH8LpowJ_DNZA
4,11,5,5,9,7,11,K8GqMhhVvz8pqq9F7sE-Sg
52,37,33,47,70,61,49,1rOQVIlUlLBcf1EDj_n4Vw
3,3,6,6,8,6,7,d9JDpGG6Rowq7L4FWBI86A
54,27,36,24,68,61,36,r7Ge8_c5Y2TXthb4CSjzaA
1,2,0,0,1,2,1,hx9dmPZZHvLQgEhlAZ-Seg
11,8,8,11,10,20,17,qdI9KaRhOzaJRK0dvGUSaw
12,11,13,19,23,12,15,VQtMFcgkRz7MCIo9sPDaeg
0,0,0,2,1,2,4,dvjYiddhJ2HrosdSBAqngg
2,0,1,5,4,2,2,4T-oySmxM_-ojR_nTqF7pA
16,7,13,14,25,17,15,E-_PkZNDuYxW1zs4XFlVmw
9,9,11,15,5,14,11,QSCeI8HdUluG-YmbDWo-fw
3,7,4,3,5,7,4,LGLOtR2e-v74MpB51k8hxQ
30,32,43,26,55,51,32,lAGDe38li38fyf971CslFg
2,1,1,2,1,7,2,ajf3Myr1PKX9RaLS_Ukc8A
1,2,5,10,28,17,10,0d5xLrgemC6jjCe-rofCiw
7,7,15,23,70,53,22,ZqNYje_T-xDDog-Wp86ieA
30,25,37,35,78,35,47,u5o4H8h0sIVhqa8Lcusi5g
1,0,1,0,0,1,1,VDUwU8bHmeGgtJpe-rz3bQ
18,10,13,11,10,58,64,2RxIERKZi5gjLW76MkFotQ
1,0,1,1,4,2,4,W_ZcIQiI6waQu1UZxXnKbg
3,2,2,3,3,2,9,UtmsxhLHB4lYSN_NxKW3XA
20,21,20,24,21,23,5,KRqtYdnDpwqYfWkFhZYjow
28,23,20,24,26,35,41,DfLML2IlhUqztTBURxOAxg
6,4,10,5,10,5,4,Xhrg9t7GGokrQecxXSOvUg
9,13,8,13,22,20,18,WxpCYziMlEy8mrEa_VcB1w
4,3,11,14,7,9,8,avvNnkpGpGIS-2CClsduXA
4,5,1,8,3,2,4,7pj0w2wN4LWhvTCPz78h1Q
0,1,2,2,30,17,7,SeqfJOg6jZGx2W1bs142cg
0,0,1,4,3,0,1,Bjl0Y7U3pIGtx23fQduA4w
16,17,8,13,18,0,0,4mPaDuo9urNu43xJ3KefMg
6,7,16,5,7,0,0,6GNi9_zkTIHXosttQbKr_A
145,140,135,154,177,206,2,d52zg-S0o940WUCK-nNiKw
1,2,1,0,2,4,13,RKOS92ptLgEU3BUNMtDHrw
17,14,22,27,24,16,0,ayTBDjx-S7TH4maWKBiAFw
11,11,11,12,14,5,0,19hZVXTJ8nGUMBsuIfgm5g
15,9,2,18,15,15,12,1nq6zzJuVgwaHtXau97_Iw
7,10,6,8,4,2,3,CkfZW-6dkN7ooT-A4axZIw
17,21,32,31,41,14,2,39oUcXr-06fcfT_MZ94z-Q
0,1,1,0,1,0,0,r9suhOcuPWLeGeEeHhJZPA
32,31,32,42,58,41,21,YxMnfznT3eYya0YV37tE8w
46,76,76,82,89,57,23,7U8TYNW4Mvx6m3zexsO0sg
10,5,10,6,22,19,7,nFLzsN12DskfMWYNmcOhdw
12,6,10,11,5,5,8,aiFo19hI2ulx47oMdjuqfw
11,13,10,10,14,11,9,3QtWG5sN3HJNBVKn_wHQEw
0,4,1,2,2,4,15,1-t2rcSaH4JGi1jejiHfCA
8,8,6,8,7,8,7,A-8Q15fZHKGn3dLjazNwHw
6,8,7,11,20,4,9,mVIHgIkaLHMCdGUE2XCxvw
27,17,28,30,42,51,41,sh1-BzB29lIOA2qQ_PxN-A
7,8,10,7,7,1,0,OcKBQXkd6H_-VvTOX_dOxg
0,2,2,2,3,1,0,wWIK4pP8eTVRiTQIUQ6O9Q
1,0,2,5,1,0,0,-d1I0dwtCg1IIjnI3DZ38Q
12,13,4,7,8,7,8,41SzC2WJ-RVUpVZ2NJfE-w
2,2,2,0,0,0,4,McDRY65dB9a2hyk_bzcnkQ
4,3,4,6,4,2,2,-b_VjHZmA7-8LVWp6z36VA
21,22,24,17,30,19,0,d2AeNB4xw67E1Bzpo1Pm7Q
13,6,13,12,15,12,2,NXPuaH5R8rMfYqnnP5s1WA
2,1,2,3,0,3,6,Bv3g-9R5wUevZPP0jzihqg
0,0,0,6,0,1,0,H61Oufiiwyt_ElSrw-WGyA
17,10,20,21,16,12,12,Jw1ucgEz9SlUKK7_7sqOdw
1,2,3,2,3,3,2,x-YyGmE9tIXAUdg_4Py5KA
2,1,0,0,1,0,0,O7QQ_ThdvSWx0lR3CTRLOA
3,2,5,2,2,3,5,_nypuc5Ke462rFWKoZ_bDw
1,1,3,0,0,1,0,NnoEbaGnQa44CZE_A5tBTQ
2,3,7,3,5,7,1,YOrKbBFKRFqUjMwNJke2WQ
5,47,7,7,6,8,8,ZaS6zYn_Pb3QrGRZJfNyzA
42,32,42,35,37,0,0,uyuiIvQ3aWZxc1-2i_dQtQ
4,12,12,4,8,1,1,FBuNLiL2KILEQ9e8SbNWPw
8,7,11,9,4,8,2,awsp9XXB-ag3FNpTD5EKmw
34,39,53,39,34,0,0,67gi179fNUkU5sApNTcrMg
14,17,11,20,14,3,7,2Yn5IgbAOtc7_bT0g47bQA
20,29,29,35,35,28,25,GTVneiUeIyRL8Wa_WmEQ0g
1,0,3,0,4,0,0,0Apb1P7RzbQEkeJDuywlPQ
2,4,7,0,8,0,0,bbiV-lPmRaK_gjzE77x_jA
2,0,1,0,1,1,3,06YP_JnJzns84fOyQ0HA0Q
3,2,2,2,3,1,2,JNTpW2zBftGllVr7iieazQ
2,1,0,1,0,1,2,_zksiS8qbYcn9GMi6kqhoA
7,0,1,4,11,21,13,gw-V13MyfzFaCTbALfnn2Q
2,2,1,2,1,3,4,NTgVdfRLbU0aKJH_9h3VCw
1,0,3,3,8,6,7,QEytIMqL_i4VETkP_kqePQ
3,2,2,3,7,3,9,eVZG9sXJSz9zZpX7H2WHiw
48,40,50,46,63,66,80,14NSxaXBNspIVnsrMYJZVw
0,0,1,4,7,1,5,qrapwnls-3IMg-iaXhkQKw
45,60,46,50,73,220,202,MLcXtnpzygZvQ9BtseLLlw
2,1,0,3,2,2,1,_Nx8hwTmjR_x62Byjav0Ew
7,5,3,3,8,7,3,gg26wjL2eTRIvmdyb7RXAQ
1,0,1,0,1,0,0,2C-LUkc5Y6fhUpJyTNadFg
8,8,4,12,10,6,0,R7YlKfLpoFDAJQB9hBcQJA
7,1,8,1,8,4,1,mcgtZvjjCXLY-Dt7V_XZ6g
3,1,1,1,0,2,0,lbECi2rbJPZWzHdmrC9xAA
25,69,24,80,106,73,119,SgGINtDKQgoXoAnQgrDKDg
3,2,8,5,5,13,2,-0HGqwlfw3I8nkJyMHxAsQ
12,7,13,7,7,6,18,o4FZTKyvNx4bxG1PprFY5w
6,8,8,2,10,8,1,mMFW9cZU1gQYv1uWREzg_w
209,239,261,240,383,286,202,0vzZ_Bcb02rJljeMU9XkBw
1,2,3,2,6,26,15,08In-bFs8JOmSTDlQ0BfFw
19,34,23,27,29,62,47,lq2iZK7epi23byzcejjqTg
2,8,8,6,16,20,3,s_cKw6m0Fw9jZbobRH0YSg
63,62,70,62,86,101,117,8H1DwdAAgSBtwDeb2R-hmA
11,7,17,5,18,15,12,fRtuc2k17r6aZMJWEMcXFQ
26,30,38,34,42,53,39,aACW1qAdOfgcU8yX61dOFw
12,14,14,29,16,14,10,507GX11jtCsVYlzaur05_w
52,63,75,80,149,161,8,Our6bzte5W1wlIeOu9luug
4,2,3,2,5,0,0,dD2xiLM1_5Vg0pMvMIPZww
45,50,31,52,100,106,70,FOfhEC6rN23RQaUlsR2byw
50,54,70,90,128,123,107,SgTjnyElc26gPUghVuCuSQ
14,11,15,15,26,31,41,NX5YHSIyesufcsI7Rg5NLg
17,21,45,19,36,37,26,l4ymgiD1WnsSrwxWWk7a3Q
25,41,46,53,73,82,55,fsxBliRs4rwxRXkZUVy62A
1,2,3,3,3,7,3,_RkvdDlzEFSRnGMrTRkVYA
86,71,77,66,86,83,113,NDHhzgMrTzr_38md_R5WKw
173,232,208,234,249,265,223,rDvz5jX65gpfONFu7er9Tw
68,58,68,61,48,57,4,nBrD6TxddhHx4FhMk32JvQ
5,6,11,3,14,7,11,50dKrWfqdotEddX-mCzypA
3,5,9,3,2,1,2,5N9bWl5zWuDX-Q1YpTf2LQ
8,9,9,14,45,60,14,Lk-FP6yxYRTcU52SaTx2EA
14,20,13,36,33,41,19,S3FhtwXuiGMlGdBNtmiiSQ
13,14,6,6,6,6,6,NhdIZvpM11d720SskLvRpA
1,105,122,153,239,176,78,RYZ08XAToBaN-bS5HHVEhQ
6,19,7,18,5,10,6,fsQFHGMbqWf7MT6KYMuJxQ
0,3,4,2,0,1,2,gaX1rGPdv9eyPra0cYsYZA
109,111,117,115,209,165,123,nBfusVbqwul0BU0Rcrlelw
30,41,33,26,28,48,36,GBN0-wo_cHLnC_pwoOTIFQ
28,33,32,33,49,29,40,N7oUi6aM01UlvrsIcTSqmg
81,90,116,120,186,228,128,wZwZcte4lcbu51NOzCjWbQ
2,4,19,1,0,2,2,QpxR9LNa506UN-Mt0TmQHw
1,4,2,2,0,0,5,uDicKGHnyZlFvCSoHrvV6w
0,0,1,2,0,2,2,BgkM4eq-n2y_E0IujSpQwQ
0,1,0,1,2,1,4,WJC8HctIbxatLbcuez1UOQ
4,7,6,8,3,5,6,dWa3oZ_uXFaCMtPOT44R4g
3,0,2,1,3,0,3,djaLlLr3jlPApAqL4exhxQ
17,23,22,23,25,56,50,0kZ4aYmqf5fzTt9Yvz8Kvw
33,28,41,29,53,37,47,K4DHwck_2ds1wURnmZdFiA
10,15,9,7,3,9,19,ZLiNw_Q36b-u1VFSeEEfsA
14,1,5,4,3,4,4,pk0vem-ismpPnVeTIG0Q5g
3,2,2,1,3,3,7,72pUqCkncwVVn65cIiX8aA
22,36,23,47,42,40,39,d_8bMNQd0mesbEUeq1U2kQ
2,0,1,2,2,2,1,QHyqYUZ0WdxHYPAenIuLjw
39,35,42,43,52,41,33,STv-ED3M2xmRFMSvQbWGaw
6,4,7,10,4,7,8,M0a0UNYie0vmrDxY5r2yjA
13,36,38,28,27,29,18,EWnSPExh_T5zTv6oMJOC5g
8,7,10,4,4,8,8,EX5QAAciXEwOQ1xnFlVLAA
13,15,22,12,45,31,17,umyo8MPjiZiDXHtvyaOi6g
86,82,101,92,140,189,142,-Ogv7rpcgUHkFaSy3vD8Sw
12,19,13,17,9,19,14,UNFcMOWOsr9ilM6lqXIC6w
12,5,8,6,17,17,9,hgb1RihLYRSpFBjBhn8rZw
91,62,56,88,109,205,192,dGcVT0WGenhh8Np76ta6AA
3,0,5,11,4,7,2,Fd0mINs0v_cma-ORPDBQSQ
38,26,33,23,48,59,50,UpYva_zhJ6pRGfdTruIYIg
14,16,24,15,16,32,23,AjE4uM-VaGP3QPCjSjIEaw
17,18,19,19,13,17,13,AX56yxldIb7TPBHMaPqOmg
9,12,7,10,13,9,5,4DDbIvNtzfhLRwz-EOLFDA
25,30,25,14,39,42,46,JJGkhOmfOFamPbCAaRKPPw
51,41,44,43,70,86,74,e0vubCKi8KD8zC2C6FdbuQ
41,52,40,53,65,111,63,d7V3ykQHqChv0KtXEanKLw
9,4,5,11,7,28,17,OmxAvtMyIvCVm16NFIOOUA
25,21,21,22,35,48,25,UexMw8s7B1J-RtFOQtCCsQ
102,90,112,121,148,126,137,byFWmwlVSmUj-AmM6NZYvw
31,22,27,30,32,43,53,IYWTOj970XqG2z9Xft_8SA
17,5,9,13,15,35,38,iAYzRvyBrSkJDu_XZ-E1zQ
10,13,29,26,42,43,17,g4y3_YqR4jmfCP9K0TzxrQ
8,2,5,2,1,1,2,JLHBdowaViDIvRKQD6iITQ
44,53,33,47,67,91,49,corPOxxIBRJ7DSpryYvorw
12,6,9,12,9,4,9,_HAYDjkPJVabBXyvx-u9YQ
34,32,37,55,80,61,57,QzXFdjIbFRGhzL83goPPLA
112,113,106,113,121,125,43,L_MtTn4IUBTmQtqqM2iFqA
0,2,3,4,1,1,7,1sdIDMz5ntCHrClzCgjgJA
6,5,5,6,14,12,11,y2wWQI1gx8Zu5pP_WZSR-A
0,0,1,0,0,1,1,ygt9aCJ3X8m3M4H8vU7cSw
14,14,13,16,22,18,30,v1ocqAm5soWTNPttLQhSZw
1,1,0,1,0,0,3,kvrgvuxO6A6i9fXYaUKqcg
0,0,2,2,1,1,2,xPDbCj9tfp5nnGzYzoCHwA
6,2,4,3,1,6,5,RhdoqUlIKjGC6Lq80YhqAw
2,2,3,4,4,2,1,wyOMi6P9E3C8Fk1IxlcLJA
0,2,2,1,0,1,1,Vh_xXB42CYfhEdelpDb1Ow
0,1,0,2,0,3,3,gP7xl3ZjX-7H9mRk7bvesw
3,4,7,4,12,10,9,d-rZazFFYvnjRZUhLTEUZg
12,12,18,15,20,24,25,m3O2EFVs3eo8s40MGGzmsA
0,0,0,1,0,4,1,H-99nG_KfynWPXh84TKj8A
25,60,27,38,46,63,29,G7-NoraGlmzwO0sgs4fbmQ
0,11,10,11,10,6,8,juzATNnxyBWEdQoDoKrEuw
6,7,15,17,5,9,3,GoEHXcq_nY4jZOx3Ay5gxw
19,17,16,27,20,22,18,wc0a0XLhcMkoEQx1TbuhpQ
2,2,3,1,0,4,2,nBqXILuCGVZ4-aPuRKjCCg
10,14,10,13,8,16,13,2qf-0qkDNh7r8iU0498htQ
1,1,1,2,1,1,1,1J1iid_qU__8_CxiS2Zw4Q
66,75,89,91,94,106,93,KS2w8ychyieJbUqRa6kCHw
16,10,15,21,27,46,31,8TGUK7LD3M-vLWml-jLb0w
22,23,34,18,24,46,2,BBPkwpj9kSeDuy0uOwWHJA
91,98,97,197,168,174,148,PX3e3qtBx_5VC3vqq47jpQ
7,21,8,9,11,14,5,D0IB17N66FiyYDCzTlAI4A
13,8,2,8,10,13,3,VtpnMevn_oAxXGaM9JDrSQ
1,0,0,3,3,3,2,PlCsVovsMET2LQuM6MuJ9w
1,0,2,2,4,3,0,0jrqXBr8UJjlG23yJevGbg
8,13,10,16,30,33,8,Cp5_NSJFNgylD5SUdmT8nQ
2,3,1,1,7,1,1,P2i4eojfX61pZn8i7RZZxA
31,23,21,35,27,95,110,8aPTQeDYOMNEu907WfflCQ
3,1,1,2,1,3,1,erYxGVc1A_bce_S_W7dKgQ
3,3,2,4,1,4,3,s2-waYR5o7AZTNHeQVWRcA
6,4,1,8,6,5,3,UqXNc416VPZrY09eMQY_eA
14,22,53,14,17,25,54,dbh72sNyNeHUgJqQye9Vbg
8,12,15,11,14,13,9,CuYHDItnOSfSlPfPDA9Btw
1,8,2,0,1,6,5,_KGe3v1OzRnUmKhb3VkDgg
3,6,4,5,0,4,4,k-w0uGmiWaBBL8u5Zoa3kQ
3,4,14,5,5,17,13,1DDTdvU06tng7o0vU7-rig
42,50,55,52,76,77,69,scVOmQsf5HSY3n9CG06tFA
35,20,20,24,17,28,27,hi5xfV28jsGBRWJWoBhDaw
65,61,82,55,74,60,67,4rr-CJp0jMKr-kg9wnrTdw
1,3,4,3,12,11,8,rjjEN8QTMvilB08ImFyMow
28,26,23,26,38,29,20,PNrOTfMmE0CJFV9YwSLzYw
34,17,26,18,44,48,30,CuyNmwDOLeMTrbv2c6rNxA
2,2,2,1,4,2,0,bxToHIsD37NjEsW_eE92mA
1,0,0,1,1,2,0,qgVS6sBe7JNEI8otg0Y3dg
6,2,9,5,10,13,8,9BOeSWUvmh4rRhpQNgrdqA
6,3,1,3,4,9,3,S0mTCni_l8jK0cYj8K8dLA
9,5,7,9,4,5,5,8NbZswmpIyWWHhpWqThQQQ
0,0,0,0,4,1,1,FPjBx-Hez_NCnepsZhtZ_Q
17,12,16,32,42,41,35,42xKe5YcCIKmGiqW0i4aGw
9,9,9,5,12,16,1,9B_rnGpDieUnMr7szjuaQg
7,6,7,3,5,13,8,UHkRFDFze9tYfYT_xjn0bQ
0,0,2,5,4,2,2,6Ry-gjGqApTSRZkfdYlLmw
1,1,0,0,0,2,1,kjVyy6q0UY620sEy56kJ3g
21,34,33,42,74,75,33,sllZXXYijYUs-n80uSa96w
61,71,80,67,171,146,131,Mm8x_jzeLrWlvDEnqhuCBQ
0,0,1,0,2,6,2,tbGpaY8AFjxsZJU4Eubbnw
11,12,15,11,18,28,10,LdEzAYCufZMTbWc0soCaNg
7,2,3,6,4,11,40,9ocGgALmbzTZWOS7f7SYcA
28,21,21,25,37,37,32,bNGR0iQTx8hXRmQv4hV5gw
39,29,52,41,51,48,1,Js7xxK2D4Dc0W8XkAzc4cg
2,2,2,7,5,7,3,0VLZj0f3llL9IkL5GOT3lg
0,0,0,1,3,1,3,9TJIYL_2C-JYmm9Ye6J66w
24,26,21,26,46,30,22,6syMU43FKGkcbX2957Ga8A
5,2,6,3,2,3,4,I0UXl0AwcpSZCd4_3YCccA
7,16,12,12,22,26,16,DK3fswHjzM-y7JRXw4j82g
9,6,14,11,10,5,2,LjwXnAjusrwCZGsWV3Ue8Q
14,29,23,28,52,42,32,zARGEdB0JyPCPR0f3FKGxQ
12,18,14,6,8,18,21,RIGMq0zseM2Y-ZsF7FVZ8g
26,35,39,33,120,71,46,Rus-ewyqLj2D1RlqK-je4w
1,3,3,6,11,12,10,cyeBcWOtZUypZOO-guTdDw
1,2,5,5,5,4,2,NNRUSPcXr3lGpcaaA3-Epw
13,10,11,14,18,27,17,exODno12y5GRj0DRzob2Eg
41,30,26,46,60,107,83,AoO0FJyUm01lmIJJTcPWEQ
35,25,24,33,89,95,60,VRxelK__tuQD0KBxx2LzeQ
18,19,20,20,20,38,26,FKoqqNLG47bl_AjMwg3PjA
15,53,30,60,34,45,25,zBGfa6Vx4K59v8OR81gzJg
12,17,10,5,10,16,12,T2c6bfzcxAvJ1sEGh1_Vhg
38,59,38,42,65,76,40,-GYx5GAx_-4XEsn7mFwdkA
8,3,2,4,4,4,3,U4DLbBnhm_T-rnQvXdvYQw
25,19,21,19,19,33,1,YTR7zYN7F-zP98sqFTS2-g
2,0,1,1,10,5,4,TRhuiVSzrjveulJaH5lgow
0,1,2,0,2,0,1,Xqh9wCLzlt7ChkrV9BdR2Q
2,0,1,0,1,1,0,Ihd5lEko1ctb71UsOWZuuQ
39,33,48,55,57,77,61,-h1WpfgqAmJcJDqyXXJ2og
8,4,2,5,6,11,4,cPIi_5tWZw04DmtyUBcFlg
11,9,13,13,26,32,20,raBq_cc3L7xkVkbIf08BKA
5,6,5,7,7,14,10,hBCxdqHRVs-ZsFp7M3emDg
39,39,25,54,57,67,65,De7XFhoUwOuAsc0lxN0VyA
37,32,43,29,63,53,54,bbmuF6LtbP51bk0Ia0p1rw
7,8,6,11,12,12,10,rCU9jDAacLl86Ac8keMmmw
13,14,15,8,27,43,47,2D7amHyeakOVlsSywblMkw
5,9,7,14,8,4,1,Vl1sL4Tz6nC054IWSQ4kiQ
36,24,21,29,56,50,26,cF0k2s8qq7c2qT1yBofuyg
25,33,38,29,34,61,1,7LuKiasIyGUEo7uipN10Eg
20,27,10,24,19,49,0,g8l_86CgzcGYRUbnS_JWBQ
5,2,4,5,0,2,1,iyDeQ21CQO2-eKbbiHzrWg
1,2,1,2,7,18,4,eIhmvoU0EoK7CdrBuXQfEw
4,6,3,2,1,0,0,vhxrgY24WnjOQAL8QYmKpg
0,3,2,3,4,1,3,6uz6H-RNxbsVsvC4CRCo_A
1,4,5,1,10,11,12,c3xkboF2p9rfzUFpBBn_tQ
17,20,15,18,22,30,7,YW9iN8F9b-d-j3xn4edi9A
8,6,9,5,6,12,3,jpgO5Mys3v6LtGk-diudtw
3,5,3,4,0,7,5,L530QbNnHIwCvnElu7ENug
0,1,2,0,1,2,1,K-Ien0ITLrbxLn51V5rc8g
1,0,2,0,4,0,1,ykKMtBAL7oNWQ-BNeqnfsw
12,6,6,7,10,13,10,SS073W0tN3nvG36Qy6n0qg
10,7,4,7,14,14,9,5C4gtiP5qkBKFF3og7Wt3g
8,4,4,5,5,9,2,43NQ-q543lb1VTstqLZIqg
9,4,6,5,10,20,13,NzI4pAPrjlCkwcLgjseDtA
20,14,16,22,46,51,39,0VyvlA1mZsDoYd3kkRjevA
25,21,32,35,61,41,40,k-KhKfLPjBxjSHppWoUyOA
4,2,7,5,8,6,5,BRaQrgYVR17bd_zr-wNSlQ
12,12,11,11,30,30,17,OreqUicD2AP5QW2HblqRoQ
7,5,7,13,11,13,15,cg6BteeUKgpBrGCZeu-wEg
9,3,0,3,3,7,5,0le8kj4gIHe9aZ1NfS2_Ag
2,5,6,4,5,10,7,UeDUK5HvDdQUoK3xEC91gg
2,3,5,0,1,3,3,qman2l8NncN7Vv50wtJ8_w
1,2,2,2,3,4,4,NHVfmBrpj5FuzSzJrCtm7g
6,3,5,2,8,3,5,vKZk6rxGVpOK13rb1OwEOA
9,4,11,6,13,17,18,Pakx91l3dyreVU91sP__9Q
16,19,31,25,41,21,11,58J004jxfjm3ahG8BQwUNA
4,4,1,4,3,1,1,D5Q56uBD9yMF8l6tdQK3Qw
3,6,9,6,6,2,3,UO_4j9fGCLflN4wtusPkQQ
25,19,23,32,47,46,33,k8q3ypIoIzchdp3RoRUsJw
0,2,1,4,6,4,5,4W1C5qfcH7QjILlaceoDNg
4,5,4,0,5,7,6,R-aDr2HjBAHR3FoL2Dtd5Q
2,2,8,4,3,3,4,KYZxLGAZ0VjmURSnm1SWxQ
4,8,5,3,2,5,4,gh-hT8e-XtCExRxe6PKR4w
14,5,22,16,14,33,25,O-usNZUjADajkeYXIDAJiQ
7,8,8,8,16,19,4,WTxfdir4ZTJLA6aq6N6HzA
16,22,25,12,25,14,20,qc-YDANWNNI3iEwam7wy1w
7,3,9,11,15,10,5,rHFWPJML2WlGbad0Tqevxw
1,57,49,141,114,118,87,69c7z9ySnlqV87tITDGENA
3,6,6,4,11,12,9,kqFQLV63mAYCsY1LSB2OZw
0,2,1,0,0,1,0,ASNxwg9dD4-_F4H1uNN2KQ
25,18,21,20,30,46,42,eONS7DP6U9BV3lkqGAUbOg
8,5,2,1,6,2,4,p8Lx4U-5uvp7TAhT08-wkg
6,11,11,12,14,16,14,rMsTpVM2bJIoghACAtn_uA
8,3,5,12,14,22,20,udyeC0A16GWcSas7L5hwHg
19,25,23,27,35,68,73,qLXxp0rpzT4kG9tT3wZwfA
16,21,18,25,20,19,16,-jBymA8tI-WURtSBcuUdXQ
20,15,20,15,23,31,34,IXB3PGgSmw4bjTe9ll-tQw
3,7,3,2,2,0,1,QNTEBnxx45nJQTZcCVRRjA
1,0,5,3,6,8,4,2ge-XuBnZ3RWWnBFWt2X3w
4,5,8,11,7,4,5,e6-owFrAHlsFeUfIOdP1Ow
18,22,17,23,34,26,18,g8ewG8o0ubTUTAUDj7UZLQ
96,98,134,152,175,167,140,_9h-jH3YOkAU9-2A-dy6YQ
1,0,3,6,0,0,2,J3OWhyIN1-b3j6Qon9wb5A
0,1,0,1,0,1,1,IZO9zt0WsZ4TLeUWxHE2EQ
20,17,20,15,25,18,9,Adjy6wjncsbWpRMo5-FlbQ
0,83,79,86,120,173,71,vIDQO_9Ytf10vEndDOih8Q
86,59,51,58,61,248,239,2nzUx_M8Szyzsf4CszHasw
3,4,8,4,7,8,13,maF18Z12TB2L_bV9CAhNrA
2,22,9,10,10,11,17,og7Xi8mwAvhXqDqtWqtt0w
21,29,21,30,26,36,47,vxPPpj5jJKO8DtapF5S-NQ
3,1,2,1,1,2,0,THAJ7Z0bbOtTL4SrOO0xPQ
1,0,0,1,3,3,4,TH3X9XzbJPodaCCxPQ7Mbg
10,8,12,7,10,9,13,INFG341Vwyr1M94xpimsmA
8,22,20,15,25,7,6,vjHkbRBdUwG8aHDXllz37A
4,3,1,0,3,7,5,dlape0CS_lVeS378Uyuoxw
6,4,6,1,5,5,8,hR5ouQeNmGs5z_biAA0AdA
5,2,1,1,2,8,7,Jge6Oit_JdTkkJ6UzhWVNA
3,2,1,2,7,5,4,GRVod03GfpFD5Kk_5jmsog
2,1,0,1,1,6,4,jB4Rs2TIjKmdmmckbxvjuA
9,2,3,4,6,2,6,5q2G7FK3J_Eml_mcldO7Lg
0,1,0,0,0,2,0,3_p50Iw60alUOCKGdCrv4g
35,34,23,29,40,31,40,8gzwqbiqJ6126_myoDchGw
3,6,1,5,8,14,15,bpPVn4nF8YR40BjhO6YP1w
12,10,10,6,19,19,23,YWzv8BpoxxDU0E9AJXw3Lw
2,2,2,5,3,7,8,OrXzZB0M0DbPXx3F_X6GkA
6,2,2,2,2,3,0,t7YbucHTf5N3NkUih-q4IA
1,0,1,1,1,3,1,Ty8jreks3Xy9-Jt2CgAOeA
2,0,1,1,4,3,0,fmWgJUef81cuaVA9VB0khQ
3,2,0,1,2,2,4,44Up9Gbs-IKMnt7ULDWu8A
0,0,0,1,1,2,0,Q_k4Uj85rHv_O9yC-InxqA
3,0,0,0,0,3,1,6JKOKRgtnJWn3KgsgFYaYw
5,1,3,0,1,1,8,weCbIA8mCkVw7zmxPNT5sA
0,1,0,0,1,1,1,Adi0NnIKbN_pEnGBoUl48A
6,8,9,8,11,11,13,Guai2bH3hNqDP0bPuhT5uQ
3,2,1,2,2,2,5,KhFYSO342maSRhu54zDxAA
2,3,1,2,1,1,2,WeVt1hG45GasZqOkVOXwjg
0,0,2,0,1,3,1,gno60mP3HsKC2q0FnqrljA
7,2,3,9,7,7,9,qoQXJhIPTmAuZERLT9QiLQ
3,3,0,0,3,1,7,NBJGZTGMpqK7mfTRcobfVQ
13,13,11,10,12,3,2,JNEeWjajyZPrwMb1cYi_pg
14,15,7,15,23,23,32,g5csdtYUt97hkexFMCVf-g
1,3,1,0,6,0,2,WpH3Ri68nUtb6wCp8QAePw
9,4,3,9,10,10,12,hrbA1-im_sd3c6ZL1A6-QA
18,21,12,27,18,21,24,7ozgY7HgsQMhpIgPyenTuQ
1,3,2,2,1,1,1,g0SiOqUieNQecsxKQHS7hg
8,11,8,8,15,6,5,jLxo_UgnGfKHSPK7gGa5LA
1,1,0,3,1,0,1,jTKRu3TEGyGSVSiiBx0Bsw
0,9,4,4,13,7,1,RUcgIIvxzDbarVNzIUO-Bg
6,7,4,6,4,3,10,Mx_IcFzTaPiPMm5SQY743w
4,4,3,6,8,6,2,NQRePJxA_ev-38n41HLlDQ
5,2,6,3,6,9,5,SCMYAkofvwKmI6ChdZFxIg
2,2,1,1,0,4,2,iSUIVSVDdr_PDishXDshVA
9,7,9,10,8,22,14,CVojju8FvPexy9scJ92wVQ
0,0,1,3,0,1,0,WP8RUkeVXA4H34vlyDjI5A
1,4,1,1,0,1,0,9ruymMHTR2Houoz-dt3RBQ
1,0,0,1,1,6,2,zqM5dwHQeJ0-fWqktyOpLg
3,1,2,2,1,5,4,m7q48PFFfMaIBBaDZ7j3Hg
2,0,1,1,0,2,1,l6akDtf-QcEiApI40-0xSw
3,1,6,3,4,7,10,T9BPnYNKtk6B42W0cJJXnA
0,1,0,1,0,1,0,2gBKQ-epOTPMNvXoGyyVbQ
4,1,2,1,5,9,1,6S0Qno8Hc1sFjtF_Gt9lvg
6,3,0,2,3,8,2,v1jRhfoNKW4qpLhqhI8ApQ
24,32,25,32,46,56,50,r6zT-YqmOtHg8BJT3LLzfg
30,21,28,41,96,71,51,dG7KLQ1a584wI5jSADIPIg
37,40,55,46,94,56,79,YF6Z8PhNWN0ZR33hfvZRjg
8,7,8,6,7,4,11,zlatJeuJl05vsJoHM6XEDA
6,10,10,16,36,20,4,P4ORLZJfbN9yExjg13gVMw
2,0,0,2,0,1,0,dkROlq5s9qBt3Y0ERB80WQ
